Date;Price;Open;High;Low;Change (%)
10/03/2016;11.75;11.20;11.85;11.07;4.91
11/03/2016;11.95;11.75;11.95;11.75;1.70
12/03/2016;12.92;11.95;13.45;11.95;8.12
13/03/2016;15.07;12.92;15.07;12.92;16.64
14/03/2016;12.50;15.07;15.07;11.40;-17.05
15/03/2016;13.06;12.63;13.42;11.98;4.48
16/03/2016;12.88;13.06;13.89;12.62;-1.38
17/03/2016;10.74;12.58;12.61;10.44;-16.61
18/03/2016;10.74;11.09;11.20;8.34;0.00
19/03/2016;10.31;10.97;11.10;9.78;-4.00
20/03/2016;10.18;10.55;10.88;9.56;-1.26
21/03/2016;11.95;10.18;12.05;10.14;17.39
22/03/2016;11.37;11.53;11.97;11.08;-4.85
23/03/2016;12.43;11.37;12.43;11.20;9.32
24/03/2016;11.20;12.43;12.47;10.67;-9.90
25/03/2016;10.67;11.32;11.35;10.52;-4.73
26/03/2016;11.00;10.67;11.20;10.58;3.09
27/03/2016;10.40;10.93;10.98;10.17;-5.45
28/03/2016;11.62;10.40;11.94;10.40;11.73
29/03/2016;11.79;11.78;11.88;11.37;1.46
30/03/2016;11.85;11.79;12.30;11.44;0.51
31/03/2016;11.41;11.92;12.02;11.29;-3.71
01/04/2016;11.62;11.41;11.94;11.39;1.84
02/04/2016;11.61;11.65;11.77;11.43;-0.09
03/04/2016;11.75;11.61;11.76;11.40;1.21
04/04/2016;11.15;11.60;11.67;10.88;-5.11
05/04/2016;10.40;11.15;11.15;9.70;-6.73
06/04/2016;10.76;10.40;10.96;10.20;3.46
07/04/2016;10.12;10.76;10.85;9.40;-5.95
08/04/2016;9.71;10.05;10.34;9.60;-4.05
09/04/2016;9.15;9.69;10.20;9.00;-5.77
10/04/2016;8.76;9.15;9.43;7.52;-4.26
11/04/2016;8.68;8.56;8.93;8.01;-0.91
12/04/2016;7.53;8.53;8.54;7.21;-13.25
13/04/2016;8.09;7.48;8.80;6.86;7.44
14/04/2016;8.46;8.08;8.86;8.00;4.57
15/04/2016;8.32;8.39;8.69;8.10;-1.65
16/04/2016;8.54;8.23;8.68;8.18;2.64
17/04/2016;9.46;8.70;10.90;8.61;10.77
18/04/2016;8.97;9.30;9.55;8.44;-5.18
19/04/2016;8.71;8.97;9.38;8.65;-2.90
20/04/2016;8.61;8.73;9.05;8.35;-1.15
21/04/2016;8.11;8.61;8.80;8.00;-5.81
22/04/2016;7.97;8.23;8.41;7.73;-1.73
23/04/2016;8.46;7.95;8.80;7.81;6.15
24/04/2016;8.10;8.35;8.50;8.01;-4.26
25/04/2016;7.54;8.05;8.15;7.32;-6.91
26/04/2016;7.50;7.56;7.60;7.12;-0.53
27/04/2016;7.80;7.40;7.99;7.31;4.00
28/04/2016;7.33;7.73;7.87;7.25;-6.03
29/04/2016;7.52;7.23;7.72;7.19;2.59
30/04/2016;8.87;7.45;9.36;7.45;17.95
01/05/2016;8.75;8.74;9.00;8.35;-1.35
02/05/2016;10.00;8.83;10.30;8.79;14.29
03/05/2016;9.34;10.01;10.01;9.18;-6.60
04/05/2016;9.46;9.38;10.00;9.25;1.28
05/05/2016;9.79;9.40;10.00;9.30;3.49
06/05/2016;9.35;9.85;9.98;9.12;-4.49
07/05/2016;9.35;9.45;9.64;9.20;0.00
08/05/2016;9.50;9.41;9.64;9.00;1.60
09/05/2016;9.32;9.51;9.65;9.25;-1.89
10/05/2016;9.38;9.31;9.47;9.28;0.64
11/05/2016;9.89;9.38;9.98;9.30;5.44
12/05/2016;10.04;9.92;10.47;9.79;1.52
13/05/2016;10.60;10.09;11.11;10.08;5.58
14/05/2016;10.16;10.60;10.75;9.71;-4.15
15/05/2016;9.97;10.25;10.42;9.93;-1.87
16/05/2016;11.09;10.01;11.47;10.00;11.23
17/05/2016;12.08;11.15;12.60;11.10;8.93
18/05/2016;13.35;12.28;14.40;12.21;10.51
19/05/2016;14.58;13.40;14.65;13.20;9.21
20/05/2016;13.79;14.74;14.89;13.31;-5.42
21/05/2016;14.00;13.60;14.00;13.01;1.52
22/05/2016;14.21;14.06;14.51;13.62;1.50
23/05/2016;13.42;14.21;14.49;13.32;-5.56
24/05/2016;12.73;13.38;13.82;12.00;-5.14
25/05/2016;12.49;12.84;12.99;11.80;-1.89
26/05/2016;12.48;12.52;13.07;12.13;-0.08
27/05/2016;11.12;12.40;12.43;10.53;-10.90
28/05/2016;11.98;10.99;12.50;10.38;7.73
29/05/2016;12.41;11.80;12.89;11.78;3.59
30/05/2016;12.72;12.44;12.81;12.30;2.50
31/05/2016;14.01;12.78;14.28;12.60;10.14
01/06/2016;13.85;14.07;14.30;13.46;-1.14
02/06/2016;13.80;13.94;14.03;13.61;-0.36
03/06/2016;13.84;13.82;13.99;13.42;0.29
04/06/2016;13.81;13.90;13.90;13.40;-0.22
05/06/2016;13.95;13.75;13.97;13.69;1.01
06/06/2016;14.03;14.00;14.19;13.80;0.57
07/06/2016;14.50;13.94;14.70;13.88;3.35
08/06/2016;14.49;14.60;14.89;14.30;-0.07
09/06/2016;14.45;14.51;14.70;14.37;-0.28
10/06/2016;13.97;14.44;14.46;13.56;-3.32
11/06/2016;14.15;13.95;14.28;13.81;1.29
12/06/2016;15.80;14.30;16.09;14.25;11.66
13/06/2016;17.73;15.75;17.91;15.70;12.22
14/06/2016;18.73;17.65;19.41;16.00;5.64
15/06/2016;18.45;18.70;18.75;17.55;-1.49
16/06/2016;20.70;18.61;21.10;18.44;12.20
17/06/2016;15.61;20.86;21.69;11.51;-24.59
18/06/2016;11.41;15.19;15.30;10.13;-26.91
19/06/2016;12.43;10.76;13.36;10.55;8.94
20/06/2016;11.90;12.33;12.49;10.51;-4.26
21/06/2016;12.94;11.67;12.98;11.20;8.74
22/06/2016;13.25;13.75;15.90;12.95;2.40
23/06/2016;13.75;13.26;14.00;12.50;3.77
24/06/2016;14.29;13.76;14.46;13.10;3.93
25/06/2016;14.31;14.39;14.84;13.91;0.14
26/06/2016;13.75;14.22;14.40;13.53;-3.91
27/06/2016;13.96;13.71;14.19;13.68;1.53
28/06/2016;12.22;13.95;14.07;11.51;-12.46
29/06/2016;12.77;12.08;13.05;11.57;4.50
30/06/2016;12.50;12.64;12.88;12.20;-2.11
01/07/2016;12.35;12.50;12.58;11.74;-1.20
02/07/2016;12.14;12.17;12.20;11.95;-1.70
03/07/2016;11.78;12.06;12.11;11.56;-2.97
04/07/2016;11.42;11.65;11.85;11.35;-3.06
05/07/2016;10.53;11.42;11.49;9.35;-7.79
06/07/2016;10.55;10.37;11.12;10.22;0.19
07/07/2016;10.14;10.58;10.67;9.73;-3.89
08/07/2016;11.31;10.16;11.65;9.90;11.54
09/07/2016;10.90;11.37;11.43;10.40;-3.63
10/07/2016;10.95;10.83;11.02;10.74;0.46
11/07/2016;10.51;10.95;11.09;10.20;-4.02
12/07/2016;10.55;10.48;10.80;10.40;0.38
13/07/2016;10.47;10.55;10.60;10.43;-0.76
14/07/2016;11.60;10.70;11.79;10.69;10.79
15/07/2016;11.93;11.50;12.55;11.37;2.84
16/07/2016;11.72;11.95;12.05;11.72;-1.76
17/07/2016;11.24;11.72;11.74;11.02;-4.10
18/07/2016;11.04;11.31;11.75;11.01;-1.78
19/07/2016;11.75;11.09;12.24;11.07;6.43
20/07/2016;12.48;11.70;13.04;11.55;6.21
21/07/2016;12.55;12.52;12.75;12.03;0.56
22/07/2016;14.67;12.67;15.15;12.53;16.89
23/07/2016;14.25;14.55;14.85;13.90;-2.86
24/07/2016;12.65;14.33;14.44;12.17;-11.23
25/07/2016;13.80;12.86;13.80;12.75;9.09
26/07/2016;12.01;13.55;13.86;11.91;-12.97
27/07/2016;13.03;12.01;13.28;11.78;8.49
28/07/2016;12.87;12.93;13.00;12.54;-1.23
29/07/2016;12.90;12.87;12.94;12.60;0.23
30/07/2016;12.52;12.85;12.85;12.47;-2.95
31/07/2016;11.86;12.45;12.55;11.30;-5.27
01/08/2016;11.08;12.00;12.04;11.08;-6.58
02/08/2016;10.16;11.04;11.20;9.90;-8.30
03/08/2016;10.16;10.16;10.16;10.16;0.00
04/08/2016;10.16;10.16;10.16;10.16;0.00
05/08/2016;10.16;10.16;10.16;10.16;0.00
06/08/2016;10.16;10.16;10.16;10.16;0.00
07/08/2016;10.16;10.16;10.16;10.16;0.00
08/08/2016;10.16;10.16;10.16;10.16;0.00
09/08/2016;10.16;10.16;10.16;10.16;0.00
10/08/2016;12.07;11.99;12.33;11.86;18.80
11/08/2016;11.64;11.90;12.10;11.57;-3.56
12/08/2016;11.67;11.71;11.99;11.57;0.26
13/08/2016;11.48;11.69;11.76;11.40;-1.63
14/08/2016;11.16;11.48;11.67;11.00;-2.79
15/08/2016;11.09;11.16;11.28;10.88;-0.63
16/08/2016;11.07;11.15;11.17;10.83;-0.18
17/08/2016;10.72;11.07;11.07;10.65;-3.16
18/08/2016;10.69;10.72;10.97;10.66;-0.28
19/08/2016;10.68;10.69;10.76;10.61;-0.09
20/08/2016;11.26;10.69;11.30;10.68;5.43
21/08/2016;11.13;11.26;11.30;10.93;-1.15
22/08/2016;11.14;11.20;11.36;11.00;0.09
23/08/2016;10.99;11.14;11.28;10.90;-1.35
24/08/2016;10.98;11.03;11.20;10.96;-0.09
25/08/2016;11.39;10.98;11.39;10.97;3.73
26/08/2016;11.22;11.39;11.42;11.13;-1.49
27/08/2016;11.20;11.26;11.26;11.13;-0.18
28/08/2016;10.94;11.11;11.16;10.92;-2.32
29/08/2016;10.93;10.94;11.18;10.78;-0.09
30/08/2016;11.29;11.03;11.39;10.94;3.29
31/08/2016;11.63;11.33;11.63;11.17;3.01
01/09/2016;12.22;11.66;12.60;11.61;5.07
02/09/2016;12.13;12.22;12.38;11.91;-0.74
03/09/2016;12.01;12.13;12.43;11.65;-0.99
04/09/2016;11.73;11.88;11.96;11.60;-2.33
05/09/2016;11.85;11.73;11.92;11.65;1.02
06/09/2016;11.73;11.85;11.92;11.45;-1.01
07/09/2016;11.64;11.73;11.82;11.60;-0.77
08/09/2016;11.45;11.64;11.96;11.26;-1.63
09/09/2016;11.68;11.45;11.90;11.40;2.01
10/09/2016;12.13;11.72;12.18;11.58;3.85
11/09/2016;11.68;12.13;12.30;11.60;-3.71
12/09/2016;12.00;11.80;12.05;11.67;2.74
13/09/2016;12.01;12.00;12.55;11.86;0.08
14/09/2016;11.94;12.01;12.33;11.91;-0.58
15/09/2016;12.01;11.94;12.41;11.91;0.59
16/09/2016;12.68;12.00;12.82;11.99;5.58
17/09/2016;12.80;12.60;12.87;12.51;0.95
18/09/2016;12.32;12.73;13.10;12.26;-3.75
19/09/2016;12.90;12.49;13.10;12.48;4.71
20/09/2016;14.45;13.15;15.40;13.08;12.02
21/09/2016;13.74;14.30;14.35;13.16;-4.91
22/09/2016;13.17;13.65;13.70;12.47;-4.15
23/09/2016;13.36;13.30;13.50;13.10;1.44
24/09/2016;12.86;13.39;13.47;12.71;-3.74
25/09/2016;13.05;12.86;13.20;12.77;1.48
26/09/2016;12.90;13.14;13.14;12.81;-1.15
27/09/2016;13.08;12.90;13.27;12.85;1.40
28/09/2016;13.25;13.08;13.49;13.04;1.30
29/09/2016;13.10;13.25;13.33;13.07;-1.13
30/09/2016;13.30;13.10;13.43;13.05;1.53
01/10/2016;13.18;13.25;13.31;13.05;-0.90
02/10/2016;13.16;13.18;13.33;13.00;-0.15
03/10/2016;13.44;13.22;13.50;13.17;2.13
04/10/2016;13.33;13.44;13.50;13.22;-0.82
05/10/2016;13.11;13.33;13.39;13.08;-1.65
06/10/2016;12.84;13.11;13.15;12.62;-2.06
07/10/2016;12.69;12.84;13.00;12.56;-1.17
08/10/2016;12.26;12.73;12.76;12.00;-3.39
09/10/2016;12.01;12.26;12.56;11.99;-2.04
10/10/2016;11.73;12.03;12.09;11.60;-2.33
11/10/2016;11.78;11.76;12.33;11.76;0.43
12/10/2016;11.72;11.84;12.06;11.68;-0.51
13/10/2016;12.07;11.72;12.12;11.72;2.99
14/10/2016;11.93;12.07;12.10;11.90;-1.16
15/10/2016;12.01;11.96;12.05;11.83;0.67
16/10/2016;11.98;12.01;12.06;11.92;-0.25
17/10/2016;12.00;11.98;12.03;11.81;0.17
18/10/2016;12.54;12.00;12.91;11.98;4.50
19/10/2016;11.99;12.54;12.62;11.95;-4.39
20/10/2016;12.09;11.99;12.32;11.99;0.83
21/10/2016;12.16;12.10;12.20;12.09;0.58
22/10/2016;12.29;12.16;12.37;12.08;1.07
23/10/2016;12.07;12.25;12.26;11.99;-1.79
24/10/2016;11.99;12.07;12.23;11.98;-0.66
25/10/2016;11.36;11.99;12.00;11.12;-5.25
26/10/2016;11.50;11.36;11.72;11.36;1.23
27/10/2016;11.57;11.50;11.66;11.23;0.61
28/10/2016;11.15;11.57;11.70;10.85;-3.63
29/10/2016;10.38;11.15;11.26;9.50;-6.91
30/10/2016;11.28;10.38;11.53;10.31;8.67
31/10/2016;10.96;11.28;11.50;10.88;-2.84
01/11/2016;10.81;10.96;11.21;10.41;-1.37
02/11/2016;10.86;10.81;11.25;10.76;0.46
03/11/2016;10.86;10.94;11.18;10.81;0.00
04/11/2016;11.21;10.86;11.24;10.85;3.22
05/11/2016;11.17;11.23;11.24;10.99;-0.36
06/11/2016;10.91;11.15;11.27;10.91;-2.33
07/11/2016;10.88;10.91;11.10;10.85;-0.27
08/11/2016;10.92;10.88;11.21;10.79;0.37
09/11/2016;10.72;10.92;10.92;10.20;-1.83
10/11/2016;10.54;10.66;10.69;10.52;-1.68
11/11/2016;10.27;10.54;10.58;10.26;-2.56
12/11/2016;10.01;10.27;10.32;9.70;-2.53
13/11/2016;10.08;10.01;10.37;9.68;0.70
14/11/2016;10.00;10.08;10.19;9.96;-0.79
15/11/2016;10.27;10.00;10.41;9.72;2.70
16/11/2016;10.02;10.19;10.50;9.93;-2.43
17/11/2016;9.99;10.02;10.27;9.90;-0.30
18/11/2016;9.52;9.96;10.03;9.46;-4.70
19/11/2016;9.73;9.54;9.86;9.48;2.21
20/11/2016;9.57;9.68;9.76;9.49;-1.64
21/11/2016;9.61;9.54;9.68;9.51;0.42
22/11/2016;9.84;9.61;10.26;9.54;2.39
23/11/2016;9.69;9.89;9.92;9.68;-1.52
24/11/2016;9.20;9.69;9.85;8.70;-5.06
25/11/2016;9.38;9.17;9.69;9.17;1.96
26/11/2016;9.33;9.38;9.53;9.22;-0.53
27/11/2016;8.88;9.33;9.33;8.70;-4.82
28/11/2016;8.70;8.97;9.02;8.65;-2.03
29/11/2016;8.16;8.70;8.74;7.74;-6.21
30/11/2016;8.62;8.16;8.76;8.11;5.64
01/12/2016;8.46;8.61;8.61;8.36;-1.86
02/12/2016;7.70;8.43;8.43;7.10;-8.98
03/12/2016;7.91;7.76;8.10;7.64;2.73
04/12/2016;7.55;7.85;7.91;7.42;-4.55
05/12/2016;6.70;7.40;7.57;6.50;-11.26
06/12/2016;7.71;6.68;7.88;5.86;15.07
07/12/2016;8.33;7.60;8.70;7.27;8.04
08/12/2016;8.30;8.35;8.84;8.24;-0.36
09/12/2016;8.52;8.10;8.65;8.02;2.65
10/12/2016;8.12;8.42;8.55;7.94;-4.69
11/12/2016;8.19;8.14;8.25;8.00;0.86
12/12/2016;8.45;8.19;8.63;8.09;3.17
13/12/2016;8.36;8.49;8.49;8.30;-1.07
14/12/2016;8.21;8.44;8.49;8.20;-1.79
15/12/2016;7.83;8.16;8.23;7.71;-4.63
16/12/2016;7.86;7.86;7.96;7.77;0.38
17/12/2016;7.73;7.86;7.90;7.47;-1.65
18/12/2016;7.93;7.88;7.94;7.74;2.59
19/12/2016;7.58;7.93;7.93;7.58;-4.41
20/12/2016;7.61;7.63;7.75;7.55;0.40
21/12/2016;7.89;7.68;7.96;7.64;3.68
22/12/2016;7.61;7.84;7.84;7.46;-3.55
23/12/2016;7.16;7.55;7.68;7.11;-5.91
24/12/2016;7.25;7.11;7.35;7.11;1.26
25/12/2016;7.23;7.25;7.32;7.17;-0.28
26/12/2016;7.27;7.11;7.35;7.05;0.55
27/12/2016;7.12;7.27;7.33;7.08;-2.06
28/12/2016;7.58;7.20;7.76;7.10;6.46
29/12/2016;8.27;7.62;8.60;7.62;9.10
30/12/2016;8.16;8.27;8.50;8.05;-1.33
31/12/2016;8.00;8.17;8.35;8.00;-1.96
01/01/2017;8.20;8.17;8.59;8.03;2.50
02/01/2017;8.37;8.19;8.50;8.11;2.07
03/01/2017;9.74;8.43;9.90;8.30;16.37
04/01/2017;11.00;9.57;11.10;9.44;12.94
05/01/2017;10.15;11.16;11.70;9.20;-7.73
06/01/2017;10.08;10.23;10.40;9.47;-0.69
07/01/2017;9.84;10.09;10.19;9.48;-2.38
08/01/2017;10.28;9.80;10.48;9.80;4.47
09/01/2017;10.26;10.43;10.84;9.50;-0.19
10/01/2017;10.61;10.43;10.75;10.20;3.41
11/01/2017;9.79;10.61;10.70;9.41;-7.73
12/01/2017;9.83;9.48;10.04;9.08;0.41
13/01/2017;9.67;9.83;9.83;9.39;-1.63
14/01/2017;9.67;9.72;9.87;9.51;0.00
15/01/2017;9.81;9.67;9.83;9.60;1.45
16/01/2017;9.61;9.72;9.78;9.55;-2.04
17/01/2017;10.12;9.54;10.60;9.53;5.31
18/01/2017;10.19;10.30;10.49;9.74;0.69
19/01/2017;10.38;10.31;10.51;10.15;1.86
20/01/2017;10.62;10.38;10.75;10.30;2.31
21/01/2017;10.95;10.64;11.09;10.56;3.11
22/01/2017;10.64;10.91;10.98;10.34;-2.83
23/01/2017;10.77;10.64;10.83;10.59;1.22
24/01/2017;10.50;10.58;10.75;10.46;-2.51
25/01/2017;10.48;10.52;10.58;10.35;-0.19
26/01/2017;10.63;10.49;10.63;10.43;1.43
27/01/2017;10.50;10.52;10.58;10.36;-1.22
28/01/2017;10.51;10.50;10.54;10.35;0.10
29/01/2017;10.46;10.49;10.51;10.38;-0.48
30/01/2017;10.53;10.44;10.69;10.38;0.67
31/01/2017;10.71;10.50;10.74;10.38;1.71
01/02/2017;10.71;10.71;10.77;10.41;0.00
02/02/2017;10.80;10.71;10.84;10.53;0.84
03/02/2017;10.93;10.78;10.93;10.55;1.20
04/02/2017;11.32;11.00;11.40;11.00;3.57
05/02/2017;11.18;11.32;11.37;11.05;-1.24
06/02/2017;11.32;11.18;11.33;11.12;1.25
07/02/2017;11.41;11.31;11.50;11.25;0.80
08/02/2017;11.35;11.45;11.60;11.00;-0.53
09/02/2017;10.90;11.35;11.51;10.41;-3.96
10/02/2017;11.30;10.95;11.39;10.75;3.67
11/02/2017;11.33;11.27;11.38;11.13;0.27
12/02/2017;11.26;11.33;11.40;11.22;-0.62
13/02/2017;11.35;11.33;11.37;11.05;0.80
14/02/2017;12.96;11.32;13.40;11.32;14.19
15/02/2017;12.92;13.02;13.15;12.59;-0.31
16/02/2017;12.92;12.92;12.99;12.57;0.00
17/02/2017;12.76;12.92;12.92;12.60;-1.24
18/02/2017;12.79;12.76;12.90;12.70;0.24
19/02/2017;12.80;12.79;12.94;12.70;0.08
20/02/2017;12.40;12.80;12.91;12.40;-3.13
21/02/2017;12.82;12.40;12.89;12.25;3.39
22/02/2017;12.68;12.82;12.85;12.60;-1.09
23/02/2017;13.27;12.68;13.37;12.60;4.65
24/02/2017;13.11;13.27;13.31;12.70;-1.21
25/02/2017;13.55;13.11;13.80;13.05;3.36
26/02/2017;14.57;13.55;14.66;13.30;7.53
27/02/2017;15.50;14.57;15.75;14.30;6.38
28/02/2017;15.86;15.50;16.23;15.18;2.32
01/03/2017;17.43;15.86;17.49;15.62;9.90
02/03/2017;19.02;17.43;19.45;16.30;9.12
03/03/2017;19.49;19.02;20.73;18.43;2.47
04/03/2017;18.50;19.49;20.00;18.40;-5.08
05/03/2017;19.35;18.50;19.45;18.15;4.59
06/03/2017;19.51;19.35;20.23;19.14;0.83
07/03/2017;18.88;19.51;19.67;18.50;-3.23
08/03/2017;16.51;18.88;18.88;16.51;-12.55
09/03/2017;17.75;16.51;18.00;16.25;7.51
10/03/2017;19.18;17.75;19.70;16.50;8.06
11/03/2017;21.30;19.18;21.45;18.83;11.05
12/03/2017;23.20;21.30;23.23;21.05;8.92
13/03/2017;28.40;23.20;30.60;23.20;22.41
14/03/2017;28.66;28.40;29.93;27.00;0.92
15/03/2017;34.80;28.66;34.80;28.36;21.42
16/03/2017;45.07;34.80;46.21;34.80;29.51
17/03/2017;44.65;45.07;51.88;32.84;-0.93
18/03/2017;34.20;44.65;44.99;31.10;-23.40
19/03/2017;43.17;34.20;45.69;34.10;26.23
20/03/2017;42.06;43.17;45.13;39.47;-2.57
21/03/2017;42.45;42.06;43.70;41.15;0.93
22/03/2017;41.46;42.45;42.95;38.51;-2.33
23/03/2017;43.14;41.46;44.75;40.22;4.05
24/03/2017;54.01;43.14;58.99;42.50;25.20
25/03/2017;50.75;54.01;54.90;47.46;-6.04
26/03/2017;50.46;50.75;51.80;46.55;-0.57
27/03/2017;48.93;50.46;52.01;47.67;-3.03
28/03/2017;50.16;48.93;50.60;47.95;2.51
29/03/2017;52.88;50.16;54.30;49.40;5.42
30/03/2017;51.62;52.88;53.28;50.75;-2.38
31/03/2017;49.72;51.62;51.83;46.82;-3.68
01/04/2017;50.59;49.72;51.87;48.70;1.75
02/04/2017;48.60;50.59;51.59;47.70;-3.93
03/04/2017;44.28;48.60;48.60;42.77;-8.89
04/04/2017;44.41;44.28;45.69;41.05;0.29
05/04/2017;45.35;44.41;47.53;44.19;2.12
06/04/2017;43.11;45.35;46.03;41.25;-4.94
07/04/2017;42.25;43.11;44.53;41.78;-1.99
08/04/2017;44.51;42.25;45.76;42.25;5.35
09/04/2017;43.94;44.51;44.86;43.18;-1.28
10/04/2017;44.17;43.94;44.76;43.01;0.52
11/04/2017;44.21;44.17;44.80;43.80;0.09
12/04/2017;46.85;44.21;48.47;43.84;5.97
13/04/2017;50.65;46.85;51.51;46.85;8.11
14/04/2017;48.50;50.65;50.65;47.34;-4.24
15/04/2017;49.71;48.50;50.48;47.95;2.49
16/04/2017;49.58;49.71;49.90;48.87;-0.26
17/04/2017;49.52;49.58;50.27;48.88;-0.12
18/04/2017;52.42;49.52;53.00;49.07;5.86
19/04/2017;49.66;52.42;53.00;45.00;-5.27
20/04/2017;51.96;49.66;52.45;48.60;4.63
21/04/2017;51.37;51.96;52.27;51.10;-1.14
22/04/2017;52.15;51.37;52.78;51.03;1.52
23/04/2017;53.33;52.15;54.44;51.75;2.26
24/04/2017;53.54;53.33;54.48;53.00;0.39
25/04/2017;53.90;53.54;54.21;53.25;0.67
26/04/2017;57.31;53.90;58.38;53.66;6.33
27/04/2017;68.00;57.31;68.00;56.92;18.65
28/04/2017;76.00;68.00;77.40;66.00;11.76
29/04/2017;73.55;76.00;77.60;71.20;-3.22
30/04/2017;83.51;73.55;84.00;72.60;13.54
01/05/2017;81.40;83.51;88.10;66.00;-2.53
02/05/2017;82.01;81.40;85.18;79.49;0.75
03/05/2017;85.79;82.01;86.62;81.00;4.61
04/05/2017;99.20;85.79;99.78;84.61;15.63
05/05/2017;91.50;99.20;101.70;88.20;-7.76
06/05/2017;96.65;91.50;96.84;90.53;5.63
07/05/2017;94.21;96.65;98.00;90.89;-2.52
08/05/2017;88.97;94.21;95.48;88.11;-5.56
09/05/2017;88.94;88.97;91.10;77.76;-0.03
10/05/2017;88.33;88.94;92.46;86.60;-0.69
11/05/2017;89.38;88.33;91.50;87.35;1.19
12/05/2017;86.99;89.38;92.00;83.85;-2.67
13/05/2017;89.90;86.99;89.99;84.50;3.35
14/05/2017;90.37;89.90;91.92;88.11;0.52
15/05/2017;92.56;90.37;95.17;90.37;2.42
16/05/2017;88.17;92.56;93.48;85.43;-4.74
17/05/2017;89.67;88.17;90.93;83.77;1.70
18/05/2017;98.60;89.67;98.89;89.42;9.96
19/05/2017;124.40;98.60;129.25;98.31;26.17
20/05/2017;123.03;124.40;128.95;119.54;-1.10
21/05/2017;146.14;123.03;146.40;122.32;18.78
22/05/2017;154.92;146.14;190.00;136.80;6.01
23/05/2017;168.24;154.92;174.30;148.60;8.60
24/05/2017;183.88;168.24;197.41;166.33;9.30
25/05/2017;168.71;183.88;206.06;155.00;-8.25
26/05/2017;152.80;168.71;187.00;143.64;-9.43
27/05/2017;149.99;152.80;161.00;110.42;-1.84
28/05/2017;161.91;149.99;172.79;149.66;7.95
29/05/2017;189.99;161.91;191.30;155.01;17.34
30/05/2017;224.69;189.99;229.98;182.00;18.26
31/05/2017;218.34;224.69;230.55;200.90;-2.83
01/06/2017;211.40;218.34;227.32;196.00;-3.18
02/06/2017;214.77;211.40;219.21;208.23;1.59
03/06/2017;217.01;214.77;217.99;210.01;1.04
04/06/2017;241.06;217.01;245.98;216.10;11.08
05/06/2017;242.16;241.06;244.29;231.72;0.46
06/06/2017;261.89;242.16;264.99;238.23;8.15
07/06/2017;250.70;261.89;263.70;241.01;-4.27
08/06/2017;256.95;250.70;258.93;242.04;2.49
09/06/2017;278.41;256.95;279.90;256.95;8.35
10/06/2017;325.88;278.41;341.94;278.26;17.05
11/06/2017;336.33;325.88;347.00;310.00;3.21
12/06/2017;386.90;336.33;412.21;297.00;15.04
13/06/2017;382.70;386.90;395.00;345.61;-1.09
14/06/2017;335.95;382.70;385.73;315.00;-12.22
15/06/2017;338.70;335.95;344.00;265.00;0.82
16/06/2017;348.44;338.70;355.51;305.22;2.88
17/06/2017;364.56;348.44;366.08;332.00;4.63
18/06/2017;348.88;364.56;377.46;336.89;-4.30
19/06/2017;355.50;348.88;362.50;344.13;1.90
20/06/2017;344.15;355.50;366.52;328.00;-3.19
21/06/2017;321.66;344.15;348.50;287.11;-6.53
22/06/2017;320.94;321.66;328.99;305.00;-0.22
23/06/2017;324.37;320.94;329.90;316.36;1.07
24/06/2017;296.89;324.37;327.55;291.53;-8.47
25/06/2017;277.00;296.89;306.39;253.20;-6.70
26/06/2017;251.30;277.00;286.85;214.99;-9.28
27/06/2017;279.00;251.30;279.00;204.11;11.02
28/06/2017;311.62;279.00;318.27;255.00;11.69
29/06/2017;285.30;311.62;318.27;276.00;-8.45
30/06/2017;275.62;285.30;301.90;267.35;-3.39
01/07/2017;255.00;275.62;277.63;238.00;-7.48
02/07/2017;277.64;255.00;285.91;242.81;8.88
03/07/2017;273.99;277.64;283.98;266.45;-1.31
04/07/2017;266.68;273.99;283.00;260.00;-2.67
05/07/2017;264.77;266.68;272.12;249.53;-0.72
06/07/2017;265.35;264.77;273.00;258.37;0.22
07/07/2017;238.38;265.35;265.80;233.84;-10.16
08/07/2017;245.23;238.38;246.66;226.68;2.87
09/07/2017;234.97;245.23;249.00;234.15;-4.18
10/07/2017;202.00;234.97;238.01;187.50;-14.03
11/07/2017;188.63;202.00;215.00;169.00;-6.62
12/07/2017;223.92;188.63;225.00;177.78;18.71
13/07/2017;205.00;223.92;224.99;189.46;-8.45
14/07/2017;196.49;205.00;207.76;179.58;-4.15
15/07/2017;170.15;196.49;197.80;169.82;-13.41
16/07/2017;157.40;170.15;172.70;136.12;-7.49
17/07/2017;190.16;157.40;190.61;155.00;20.81
18/07/2017;226.56;190.16;258.00;177.50;19.14
19/07/2017;194.63;226.56;245.61;187.00;-14.09
20/07/2017;227.29;194.63;238.00;194.63;16.78
21/07/2017;216.11;227.29;239.00;208.00;-4.92
22/07/2017;232.01;216.11;237.19;214.35;7.36
23/07/2017;228.15;232.01;236.57;219.00;-1.66
24/07/2017;226.59;228.15;232.56;223.64;-0.68
25/07/2017;202.70;226.59;227.69;190.49;-10.54
26/07/2017;203.33;202.70;209.59;191.76;0.31
27/07/2017;202.54;203.33;207.00;197.86;-0.39
28/07/2017;191.20;202.54;204.19;188.10;-5.60
29/07/2017;206.76;191.20;213.00;176.95;8.14
30/07/2017;195.31;206.76;210.76;192.21;-5.54
31/07/2017;200.81;195.31;201.50;188.12;2.82
01/08/2017;225.97;200.81;232.59;200.80;12.53
02/08/2017;218.00;225.97;229.70;215.00;-3.53
03/08/2017;224.79;218.00;228.20;217.07;3.11
04/08/2017;220.73;224.79;228.30;218.66;-1.81
05/08/2017;253.87;220.73;259.90;219.23;15.01
06/08/2017;264.29;253.87;271.50;251.00;4.10
07/08/2017;269.51;264.29;274.60;257.32;1.98
08/08/2017;295.83;269.51;299.50;265.00;9.77
09/08/2017;293.99;295.83;316.00;277.00;-0.62
10/08/2017;295.97;293.99;310.05;287.60;0.67
11/08/2017;308.81;295.97;310.42;294.00;4.34
12/08/2017;307.22;308.81;319.78;299.00;-0.51
13/08/2017;296.64;307.22;308.00;285.21;-3.44
14/08/2017;298.22;296.64;306.48;293.99;0.53
15/08/2017;286.00;298.22;299.91;272.29;-4.10
16/08/2017;301.34;286.00;304.00;279.94;5.36
17/08/2017;299.00;301.34;312.00;297.01;-0.78
18/08/2017;292.00;299.00;307.00;286.00;-2.34
19/08/2017;292.78;292.00;298.51;280.00;0.27
20/08/2017;298.37;292.78;299.00;286.96;1.91
21/08/2017;322.24;298.37;346.99;294.53;8.00
22/08/2017;312.54;322.24;329.96;285.01;-3.01
23/08/2017;316.50;312.54;325.00;311.65;1.27
24/08/2017;325.62;316.50;329.56;314.14;2.88
25/08/2017;328.70;325.62;338.25;324.04;0.95
26/08/2017;332.72;328.70;334.60;324.50;1.22
27/08/2017;348.01;332.72;348.01;331.88;4.60
28/08/2017;347.09;348.01;352.00;332.74;-0.26
29/08/2017;372.00;347.09;375.98;346.42;7.18
30/08/2017;382.78;372.00;390.10;365.10;2.90
31/08/2017;387.30;382.78;390.00;380.10;1.18
01/09/2017;390.35;387.30;395.03;383.60;0.79
02/09/2017;345.00;390.35;390.77;325.10;-11.62
03/09/2017;350.63;345.00;368.40;328.33;1.63
04/09/2017;295.81;350.63;351.59;275.00;-15.63
05/09/2017;316.18;295.81;323.17;267.64;6.89
06/09/2017;337.36;316.18;339.50;314.81;6.70
07/09/2017;334.10;337.36;338.66;321.10;-0.97
08/09/2017;304.00;334.10;334.58;291.00;-9.01
09/09/2017;303.08;304.00;307.08;291.46;-0.30
10/09/2017;297.90;303.08;305.00;276.11;-1.71
11/09/2017;297.19;297.90;308.00;287.33;-0.24
12/09/2017;293.90;297.19;316.73;283.00;-1.11
13/09/2017;275.48;293.90;294.16;256.00;-6.27
14/09/2017;222.50;275.48;281.01;221.71;-19.23
15/09/2017;258.68;222.50;269.00;198.00;16.26
16/09/2017;253.00;258.68;270.00;242.20;-2.20
17/09/2017;257.00;253.00;263.69;239.00;1.58
18/09/2017;296.81;257.00;299.89;257.00;15.49
19/09/2017;282.63;296.81;299.00;275.00;-4.78
20/09/2017;283.50;282.63;294.00;277.00;0.31
21/09/2017;256.67;283.50;287.53;251.52;-9.46
22/09/2017;262.19;256.67;269.50;253.03;2.15
23/09/2017;285.90;262.19;287.20;259.01;9.04
24/09/2017;282.00;285.90;294.54;275.41;-1.36
25/09/2017;295.20;282.00;297.93;281.80;4.68
26/09/2017;289.28;295.20;296.38;285.20;-2.01
27/09/2017;309.75;289.28;315.51;286.93;7.08
28/09/2017;302.63;309.75;310.69;297.75;-2.30
29/09/2017;292.66;302.63;303.90;280.50;-3.29
30/09/2017;303.44;292.66;307.76;292.30;3.68
01/10/2017;304.26;303.44;305.57;295.00;0.27
02/10/2017;296.82;304.26;304.63;292.10;-2.45
03/10/2017;291.69;296.82;300.50;285.93;-1.73
04/10/2017;291.40;291.69;296.00;287.56;-0.10
05/10/2017;295.12;291.40;297.92;285.12;1.28
06/10/2017;308.43;295.12;309.59;293.04;4.51
07/10/2017;311.46;308.43;315.00;304.50;0.98
08/10/2017;309.82;311.46;314.39;307.55;-0.53
09/10/2017;297.40;309.82;311.16;287.03;-4.01
10/10/2017;299.32;297.40;307.00;292.57;0.65
11/10/2017;303.20;299.32;306.55;296.60;1.30
12/10/2017;303.06;303.20;310.01;302.10;-0.05
13/10/2017;337.46;303.06;350.00;298.00;11.35
14/10/2017;339.24;337.46;348.00;334.05;0.53
15/10/2017;337.23;339.24;344.89;315.00;-0.59
16/10/2017;334.46;337.23;355.00;330.85;-0.82
17/10/2017;315.65;334.46;334.80;308.00;-5.62
18/10/2017;313.45;315.65;316.21;287.46;-0.70
19/10/2017;306.97;313.45;316.50;304.00;-2.07
20/10/2017;302.61;306.97;313.01;301.04;-1.42
21/10/2017;299.23;302.61;303.00;289.31;-1.12
22/10/2017;293.55;299.23;305.62;289.40;-1.90
23/10/2017;284.85;293.55;293.96;273.50;-2.96
24/10/2017;296.30;284.85;311.85;280.02;4.02
25/10/2017;295.46;296.30;300.00;288.50;-0.28
26/10/2017;295.10;295.46;299.00;290.55;-0.12
27/10/2017;295.99;295.10;299.50;291.60;0.30
28/10/2017;293.49;295.99;297.01;288.60;-0.84
29/10/2017;304.39;293.49;312.49;290.50;3.71
30/10/2017;307.00;304.39;314.40;303.93;0.86
31/10/2017;303.69;307.00;312.00;303.10;-1.08
01/11/2017;288.60;303.69;305.11;287.04;-4.97
02/11/2017;284.89;288.60;293.01;275.21;-1.29
03/11/2017;303.47;284.89;307.36;284.00;6.52
04/11/2017;299.48;303.47;304.38;293.00;-1.31
05/11/2017;295.63;299.48;301.00;292.28;-1.29
06/11/2017;296.90;295.63;310.00;292.00;0.43
07/11/2017;291.42;296.90;304.20;285.01;-1.85
08/11/2017;307.50;291.42;318.90;290.11;5.52
09/11/2017;319.52;307.50;328.80;305.00;3.91
10/11/2017;296.18;319.52;324.03;286.00;-7.30
11/11/2017;313.07;296.18;319.88;294.70;5.70
12/11/2017;303.90;313.07;316.99;293.33;-2.93
13/11/2017;313.22;303.90;318.00;302.40;3.07
14/11/2017;334.28;313.22;336.69;313.22;6.72
15/11/2017;330.59;334.28;339.61;321.50;-1.10
16/11/2017;330.76;330.59;335.11;321.18;0.05
17/11/2017;331.00;331.16;335.01;325.00;0.07
18/11/2017;346.68;331.00;350.40;325.32;4.74
19/11/2017;354.70;346.68;371.00;343.28;2.31
20/11/2017;367.94;354.70;373.70;352.03;3.73
21/11/2017;360.00;367.94;373.50;350.00;-2.16
22/11/2017;380.48;360.00;381.89;358.80;5.69
23/11/2017;405.19;380.48;426.27;374.34;6.49
24/11/2017;470.51;405.19;478.50;397.37;16.12
25/11/2017;464.00;469.89;481.99;454.40;-1.38
26/11/2017;464.00;464.00;464.00;464.00;0.00
27/11/2017;473.44;464.00;491.89;458.25;2.03
28/11/2017;465.56;473.44;479.00;457.20;-1.66
29/11/2017;420.34;465.56;517.00;403.01;-9.71
30/11/2017;432.21;420.34;454.95;385.40;2.82
01/12/2017;460.67;432.21;467.00;413.96;6.58
02/12/2017;455.51;460.67;472.00;447.00;-1.12
03/12/2017;459.49;455.51;482.69;431.04;0.87
04/12/2017;465.00;459.49;471.06;439.27;1.20
05/12/2017;451.87;465.00;467.38;444.17;-2.82
06/12/2017;413.71;451.87;454.23;403.00;-8.44
07/12/2017;415.02;413.71;429.00;390.00;0.32
08/12/2017;442.19;415.02;453.61;400.34;6.55
09/12/2017;460.92;442.19;487.80;441.00;4.24
10/12/2017;429.24;460.92;460.92;413.30;-6.87
11/12/2017;515.25;429.24;531.20;429.14;20.04
12/12/2017;634.87;515.25;646.92;497.75;23.22
13/12/2017;690.69;634.87;742.00;573.00;8.79
14/12/2017;686.51;690.69;760.00;651.00;-0.61
15/12/2017;678.29;686.51;698.31;610.00;-1.20
16/12/2017;683.25;678.29;711.96;672.51;0.73
17/12/2017;708.78;683.25;725.00;683.24;3.74
18/12/2017;783.99;708.78;798.90;660.00;10.61
19/12/2017;799.98;783.99;863.00;750.01;2.04
20/12/2017;794.99;799.98;826.20;709.00;-0.62
21/12/2017;786.97;794.99;848.08;747.10;-1.01
22/12/2017;628.19;786.97;792.00;492.01;-20.18
23/12/2017;672.59;628.19;717.00;616.19;7.07
24/12/2017;659.89;672.59;675.00;560.00;-1.89
25/12/2017;709.81;659.89;737.00;651.76;7.56
26/12/2017;749.80;709.81;749.80;708.83;5.63
27/12/2017;736.45;749.80;766.06;703.27;-1.78
28/12/2017;711.42;736.45;740.30;652.00;-3.40
29/12/2017;731.52;711.42;755.00;703.02;2.83
30/12/2017;682.22;731.52;737.56;640.43;-6.74
31/12/2017;736.77;682.22;741.99;675.56;8.00
01/01/2018;752.46;736.77;762.00;717.94;2.13
02/01/2018;858.78;752.46;890.00;752.46;14.13
03/01/2018;942.01;858.78;954.73;840.00;9.69
04/01/2018;940.00;942.01;997.00;893.24;-0.21
05/01/2018;962.77;939.30;1023.60;930.00;2.42
06/01/2018;1004.30;962.77;1014.20;951.38;4.31
07/01/2018;1115.80;1004.30;1116.00;999.50;11.10
08/01/2018;1129.30;1115.90;1225.00;968.12;1.21
09/01/2018;1283.70;1129.40;1299.00;1119.10;13.67
10/01/2018;1248.00;1285.70;1381.90;1203.20;-2.78
11/01/2018;1135.50;1245.90;1331.80;1102.50;-9.01
12/01/2018;1257.20;1135.10;1285.00;1083.40;10.72
13/01/2018;1380.00;1257.00;1423.20;1252.60;9.77
14/01/2018;1350.00;1379.90;1385.00;1256.00;-2.17
15/01/2018;1273.40;1349.90;1377.90;1264.40;-5.67
16/01/2018;1020.10;1275.80;1278.80;868.98;-19.89
17/01/2018;1017.50;1019.60;1088.30;770.10;-0.25
18/01/2018;994.81;1020.10;1079.00;940.00;-2.23
19/01/2018;1032.60;993.92;1079.00;960.10;3.80
20/01/2018;1146.00;1032.60;1160.00;1029.60;10.98
21/01/2018;1047.00;1146.30;1146.30;1001.50;-8.64
22/01/2018;995.08;1047.00;1084.10;912.76;-4.96
23/01/2018;982.98;995.26;1022.00;905.38;-1.22
24/01/2018;1063.20;982.11;1068.80;952.04;8.16
25/01/2018;1048.20;1061.80;1102.40;1025.10;-1.41
26/01/2018;1047.00;1048.20;1078.60;983.00;-0.11
27/01/2018;1114.80;1046.90;1125.30;1031.60;6.48
28/01/2018;1246.60;1114.70;1264.80;1109.00;11.82
29/01/2018;1175.00;1245.50;1259.80;1155.90;-5.74
30/01/2018;1071.90;1174.36;1178.92;1042.90;-8.77
31/01/2018;1118.08;1072.17;1126.87;1028.03;4.31
01/02/2018;1033.55;1118.15;1157.09;970.42;-7.56
02/02/2018;920.85;1033.02;1036.17;766.82;-10.90
03/02/2018;971.49;920.93;997.51;850.38;5.50
04/02/2018;829.43;971.49;972.66;788.79;-14.62
05/02/2018;696.86;828.49;859.72;634.64;-15.98
06/02/2018;783.83;696.75;797.94;568.78;12.48
07/02/2018;753.18;782.72;852.98;719.34;-3.91
08/02/2018;805.40;752.75;831.02;751.76;6.93
09/02/2018;877.85;805.15;879.51;781.97;9.00
10/02/2018;851.39;877.88;908.26;816.72;-3.01
11/02/2018;810.45;851.44;854.10;778.90;-4.81
12/02/2018;865.62;811.01;875.52;810.99;6.81
13/02/2018;841.38;865.72;868.92;822.98;-2.80
14/02/2018;919.67;841.38;922.38;840.82;9.30
15/02/2018;927.56;919.53;945.99;902.56;0.86
16/02/2018;937.50;927.34;945.68;907.33;1.07
17/02/2018;971.54;937.35;972.86;934.49;3.63
18/02/2018;913.10;971.57;980.27;903.28;-6.02
19/02/2018;940.08;913.09;954.94;910.29;2.95
20/02/2018;884.51;940.04;959.41;877.65;-5.91
21/02/2018;839.10;884.94;906.43;818.48;-5.13
22/02/2018;803.66;838.97;878.14;789.92;-4.22
23/02/2018;856.65;803.56;882.61;787.95;6.59
24/02/2018;834.36;854.99;874.49;810.91;-2.60
25/02/2018;840.88;834.10;849.36;818.46;0.78
26/02/2018;866.99;841.28;879.18;835.34;3.11
27/02/2018;871.44;867.06;894.78;861.40;0.51
28/02/2018;852.49;871.58;888.06;850.84;-2.17
01/03/2018;870.04;852.44;879.53;848.41;2.06
02/03/2018;856.09;870.51;875.69;850.47;-1.60
03/03/2018;855.91;855.46;868.51;853.45;-0.02
04/03/2018;865.53;855.91;867.35;838.06;1.12
05/03/2018;850.24;865.53;870.27;850.24;-1.77
06/03/2018;814.88;850.00;851.72;803.90;-4.16
07/03/2018;749.98;814.56;824.83;724.98;-7.96
08/03/2018;698.96;750.09;772.23;689.41;-6.80
09/03/2018;725.89;698.91;728.83;644.46;3.85
10/03/2018;682.52;725.70;746.13;678.46;-5.97
11/03/2018;720.12;682.77;733.33;664.53;5.51
12/03/2018;697.04;720.12;739.25;678.27;-3.20
13/03/2018;689.57;697.06;713.80;680.01;-1.07
14/03/2018;612.09;689.67;702.53;587.10;-11.24
15/03/2018;610.13;612.08;620.01;572.69;-0.32
16/03/2018;600.79;610.36;625.34;585.84;-1.53
17/03/2018;550.27;600.48;609.48;544.51;-8.41
18/03/2018;536.72;549.96;559.19;454.90;-2.46
19/03/2018;556.16;536.72;558.33;516.31;3.62
20/03/2018;557.08;555.75;566.63;517.02;0.17
21/03/2018;560.24;557.09;589.83;545.87;0.57
22/03/2018;539.87;559.90;577.63;517.81;-3.63
23/03/2018;543.42;539.90;543.51;508.36;0.66
24/03/2018;520.45;543.15;545.15;520.05;-4.23
25/03/2018;523.50;520.44;535.11;513.05;0.59
26/03/2018;485.98;523.46;526.22;467.46;-7.17
27/03/2018;448.48;485.97;491.77;446.70;-7.72
28/03/2018;446.84;448.73;465.09;440.84;-0.37
29/03/2018;384.12;446.86;449.33;380.85;-14.03
30/03/2018;393.79;384.13;411.17;366.12;2.52
31/03/2018;393.96;393.75;419.07;390.09;0.04
01/04/2018;378.75;394.10;399.46;359.49;-3.86
02/04/2018;385.07;378.85;393.94;375.67;1.67
03/04/2018;415.55;385.02;418.78;380.89;7.92
04/04/2018;378.68;415.58;416.38;371.35;-8.87
05/04/2018;381.52;378.62;386.91;367.21;0.75
06/04/2018;369.97;381.69;385.70;363.83;-3.03
07/04/2018;384.87;369.97;394.66;369.41;4.03
08/04/2018;400.71;384.85;403.71;384.85;4.12
09/04/2018;399.05;400.67;430.85;388.05;-0.41
10/04/2018;415.45;399.04;417.84;391.81;4.11
11/04/2018;430.14;415.43;433.25;412.35;3.54
12/04/2018;494.03;430.13;498.13;414.07;14.85
13/04/2018;493.48;494.25;528.71;482.19;-0.11
14/04/2018;502.52;494.36;514.14;486.89;1.83
15/04/2018;533.90;502.52;534.18;502.52;6.24
16/04/2018;511.82;533.89;537.32;498.87;-4.14
17/04/2018;503.19;511.75;520.86;501.73;-1.69
18/04/2018;525.66;503.24;526.41;502.02;4.47
19/04/2018;567.49;525.74;570.15;522.15;7.96
20/04/2018;617.04;567.70;620.58;558.27;8.73
21/04/2018;605.59;617.10;623.86;574.73;-1.86
22/04/2018;622.23;605.58;643.58;591.78;2.75
23/04/2018;644.13;622.01;648.58;619.81;3.52
24/04/2018;703.02;644.08;711.74;644.05;9.14
25/04/2018;617.36;702.94;703.25;594.98;-12.18
26/04/2018;662.36;617.37;665.20;600.69;7.29
27/04/2018;643.97;661.65;685.54;641.84;-2.78
28/04/2018;683.49;643.96;693.79;640.92;6.14
29/04/2018;689.90;683.49;700.05;669.15;0.94
30/04/2018;670.07;689.83;693.85;664.03;-2.87
01/05/2018;671.26;670.12;674.36;630.33;0.18
02/05/2018;688.15;671.31;690.97;664.29;2.52
03/05/2018;778.95;688.23;788.61;686.79;13.19
04/05/2018;785.20;778.97;806.90;760.10;0.80
05/05/2018;818.33;785.29;830.03;782.18;4.22
06/05/2018;793.19;818.75;838.26;755.09;-3.07
07/05/2018;754.03;793.29;797.30;700.40;-4.94
08/05/2018;748.48;759.35;761.43;721.49;-0.74
09/05/2018;751.62;747.98;759.71;711.49;0.42
10/05/2018;724.40;751.98;768.24;723.39;-3.62
11/05/2018;676.21;724.36;736.58;665.81;-6.65
12/05/2018;683.94;676.97;689.83;635.23;1.14
13/05/2018;729.37;684.77;739.67;669.20;6.64
14/05/2018;727.06;729.41;741.52;687.16;-0.32
15/05/2018;705.73;727.06;738.71;696.63;-2.93
16/05/2018;706.53;705.73;710.49;667.51;0.11
17/05/2018;668.97;706.53;718.50;663.91;-5.32
18/05/2018;693.28;668.98;694.24;658.25;3.63
19/05/2018;696.76;693.28;716.51;683.38;0.50
20/05/2018;716.02;696.73;722.92;688.70;2.77
21/05/2018;696.85;716.02;718.06;694.07;-2.68
22/05/2018;642.17;696.84;698.48;639.20;-7.85
23/05/2018;577.55;642.02;649.85;564.74;-10.06
24/05/2018;602.43;577.52;609.39;547.39;4.31
25/05/2018;585.39;602.40;616.48;569.77;-2.83
26/05/2018;586.76;585.39;606.26;579.36;0.24
27/05/2018;570.69;586.63;591.48;558.44;-2.74
28/05/2018;512.29;570.67;575.00;507.72;-10.23
29/05/2018;566.81;512.32;572.71;511.94;10.64
30/05/2018;557.98;566.86;584.90;543.16;-1.56
31/05/2018;577.87;557.96;586.15;554.96;3.56
01/06/2018;579.30;577.87;589.55;565.69;0.25
02/06/2018;591.30;579.34;598.78;574.80;2.07
03/06/2018;619.08;591.33;627.51;590.81;4.70
04/06/2018;591.44;619.09;624.81;580.71;-4.46
05/06/2018;608.83;591.44;613.00;577.53;2.94
06/06/2018;606.39;608.83;611.63;593.98;-0.40
07/06/2018;604.71;606.39;616.52;600.29;-0.28
08/06/2018;599.67;604.71;608.32;593.74;-0.83
09/06/2018;593.80;599.67;608.65;592.54;-0.98
10/06/2018;524.64;593.80;593.82;503.43;-11.65
11/06/2018;531.42;524.64;535.63;510.29;1.29
12/06/2018;494.48;531.40;538.16;484.99;-6.95
13/06/2018;476.17;494.60;501.64;450.67;-3.70
14/06/2018;519.49;476.17;525.21;461.62;9.10
15/06/2018;487.88;519.49;520.73;483.99;-6.09
16/06/2018;496.93;487.88;502.47;484.89;1.86
17/06/2018;496.43;496.95;507.19;494.73;-0.10
18/06/2018;517.91;496.47;523.95;489.16;4.33
19/06/2018;538.22;517.91;547.50;514.88;3.92
20/06/2018;536.31;538.22;541.08;517.42;-0.36
21/06/2018;526.01;536.31;544.71;522.47;-1.92
22/06/2018;462.57;525.97;526.26;450.72;-12.06
23/06/2018;474.14;462.58;482.42;456.46;2.50
24/06/2018;454.81;474.14;475.74;419.56;-4.08
25/06/2018;458.76;454.81;472.54;437.08;0.87
26/06/2018;430.33;458.76;459.96;429.87;-6.20
27/06/2018;442.16;430.32;445.38;423.01;2.75
28/06/2018;421.27;442.16;443.32;418.62;-4.73
29/06/2018;435.37;421.23;441.29;406.12;3.35
30/06/2018;452.67;434.92;457.49;433.46;3.97
01/07/2018;452.57;452.72;456.02;445.06;-0.02
02/07/2018;475.70;452.57;479.94;442.29;5.11
03/07/2018;461.89;475.73;483.93;460.63;-2.90
04/07/2018;467.52;461.90;480.69;453.94;1.22
05/07/2018;468.47;467.58;478.59;459.68;0.20
06/07/2018;469.90;468.47;474.58;455.05;0.30
07/07/2018;485.40;469.91;486.18;464.29;3.30
08/07/2018;486.45;485.40;494.03;482.24;0.22
09/07/2018;471.52;486.41;488.10;469.93;-3.07
10/07/2018;432.67;471.77;473.36;429.39;-8.24
11/07/2018;445.99;432.67;447.62;425.60;3.08
12/07/2018;430.84;445.96;446.27;418.71;-3.40
13/07/2018;432.85;430.86;442.02;425.77;0.47
14/07/2018;434.09;432.88;439.94;429.89;0.29
15/07/2018;450.81;434.09;455.68;432.59;3.85
16/07/2018;479.79;450.87;480.84;446.14;6.43
17/07/2018;499.87;479.68;511.54;467.33;4.18
18/07/2018;480.00;499.86;515.20;470.91;-3.97
19/07/2018;469.47;480.00;484.00;463.94;-2.19
20/07/2018;449.38;469.48;469.74;441.74;-4.28
21/07/2018;461.52;449.44;468.95;443.04;2.70
22/07/2018;459.02;461.51;472.88;456.35;-0.54
23/07/2018;450.56;459.02;470.37;448.14;-1.84
24/07/2018;479.88;450.58;484.30;449.44;6.51
25/07/2018;472.03;479.78;484.97;464.75;-1.64
26/07/2018;462.75;472.03;484.59;460.61;-1.97
27/07/2018;470.23;462.79;473.58;457.36;1.62
28/07/2018;468.78;470.24;471.47;461.55;-0.31
29/07/2018;466.41;468.89;471.78;462.04;-0.51
30/07/2018;456.64;466.41;468.60;447.06;-2.09
31/07/2018;431.50;456.65;457.33;427.81;-5.51
01/08/2018;420.30;431.88;434.43;407.96;-2.60
02/08/2018;411.00;420.33;424.51;408.21;-2.21
03/08/2018;417.58;411.00;419.74;398.10;1.60
04/08/2018;407.09;417.58;419.70;402.52;-2.51
05/08/2018;408.85;407.11;412.51;401.22;0.43
06/08/2018;405.40;408.81;413.40;401.66;-0.84
07/08/2018;378.25;405.38;410.57;370.06;-6.70
08/08/2018;355.44;378.29;380.15;348.98;-6.03
09/08/2018;363.34;355.48;369.74;351.07;2.22
10/08/2018;331.81;363.33;365.36;326.67;-8.68
11/08/2018;317.59;331.78;332.52;305.19;-4.29
12/08/2018;318.18;317.63;327.51;314.71;0.19
13/08/2018;284.01;318.20;321.22;281.17;-10.74
14/08/2018;278.19;284.00;284.00;250.84;-2.05
15/08/2018;281.12;278.30;303.85;277.91;1.06
16/08/2018;286.76;281.12;298.19;278.60;2.01
17/08/2018;316.90;286.76;316.90;285.78;10.51
18/08/2018;293.89;316.91;320.81;282.76;-7.26
19/08/2018;299.33;293.90;306.30;289.50;1.85
20/08/2018;271.08;299.33;303.74;270.17;-9.44
21/08/2018;280.90;271.90;282.77;270.26;3.62
22/08/2018;269.84;280.90;298.20;266.40;-3.94
23/08/2018;276.12;269.84;279.19;268.94;2.33
24/08/2018;281.29;276.12;282.71;270.91;1.87
25/08/2018;277.61;281.29;282.74;276.53;-1.31
26/08/2018;274.46;277.61;281.34;269.75;-1.14
27/08/2018;286.57;274.46;286.57;271.90;4.41
28/08/2018;295.62;286.57;297.86;282.57;3.16
29/08/2018;288.42;295.61;297.11;284.45;-2.44
30/08/2018;283.97;288.41;290.91;272.85;-1.54
31/08/2018;281.94;283.97;284.85;277.13;-0.72
01/09/2018;295.31;281.94;301.92;281.76;4.74
02/09/2018;295.05;295.32;299.38;289.45;-0.09
03/09/2018;288.92;295.05;296.76;285.95;-2.08
04/09/2018;285.17;288.98;292.60;283.40;-1.29
05/09/2018;228.77;285.17;288.01;227.76;-19.78
06/09/2018;229.60;228.76;232.66;212.90;0.37
07/09/2018;215.60;229.58;234.49;214.84;-6.10
08/09/2018;196.79;215.51;220.85;191.16;-8.72
09/09/2018;195.80;196.69;208.23;187.26;-0.50
10/09/2018;197.04;195.81;203.64;187.35;0.63
11/09/2018;185.07;197.05;200.42;177.29;-6.08
12/09/2018;182.98;185.07;186.57;169.08;-1.13
13/09/2018;211.00;183.11;214.57;183.11;15.31
14/09/2018;209.98;210.98;224.60;203.16;-0.48
15/09/2018;221.94;209.88;259.37;209.06;5.70
16/09/2018;220.20;221.94;223.14;208.61;-0.79
17/09/2018;196.24;220.20;224.48;192.87;-10.88
18/09/2018;209.03;196.17;213.93;195.24;6.52
19/09/2018;209.74;209.02;214.91;199.19;0.34
20/09/2018;224.42;209.74;225.48;207.78;7.00
21/09/2018;247.92;224.43;250.74;222.05;10.47
22/09/2018;240.82;247.92;254.36;233.46;-2.86
23/09/2018;244.67;240.82;249.02;238.14;1.60
24/09/2018;228.01;244.67;246.87;225.73;-6.81
25/09/2018;219.04;228.02;228.59;204.84;-3.93
26/09/2018;214.35;219.14;222.41;208.91;-2.14
27/09/2018;229.15;214.46;232.60;211.31;6.91
28/09/2018;221.77;229.18;234.14;215.39;-3.22
29/09/2018;231.87;221.95;237.45;215.15;4.55
30/09/2018;232.80;231.90;238.64;227.01;0.40
01/10/2018;231.77;232.80;235.95;225.33;-0.44
02/10/2018;225.84;231.77;232.97;223.75;-2.56
03/10/2018;220.51;225.84;227.15;216.44;-2.36
04/10/2018;222.57;220.48;227.14;219.75;0.93
05/10/2018;228.34;222.33;231.88;220.00;2.59
06/10/2018;225.18;228.34;228.69;223.01;-1.38
07/10/2018;226.11;225.19;227.44;222.00;0.41
08/10/2018;229.84;226.11;231.66;224.79;1.65
09/10/2018;228.25;229.83;232.66;226.81;-0.69
10/10/2018;226.30;228.28;231.32;224.74;-0.85
11/10/2018;190.89;226.33;226.36;188.65;-15.65
12/10/2018;196.70;190.89;202.90;190.89;3.04
13/10/2018;201.22;196.67;206.13;196.41;2.30
14/10/2018;197.08;201.22;207.53;195.51;-2.06
15/10/2018;214.26;197.09;235.83;195.40;8.72
16/10/2018;215.06;214.27;218.71;211.37;0.37
17/10/2018;213.46;215.06;216.60;210.10;-0.74
18/10/2018;206.58;213.16;215.23;203.95;-3.22
19/10/2018;204.97;206.60;208.74;204.02;-0.78
20/10/2018;208.04;205.12;209.37;203.65;1.50
21/10/2018;207.37;207.76;211.65;207.04;-0.32
22/10/2018;206.77;207.38;209.39;205.50;-0.29
23/10/2018;205.68;207.03;207.95;202.99;-0.53
24/10/2018;205.12;205.68;207.86;205.00;-0.27
25/10/2018;204.11;205.12;206.12;202.99;-0.49
26/10/2018;204.58;204.08;208.94;203.19;0.23
27/10/2018;204.36;204.78;206.22;203.06;-0.11
28/10/2018;204.99;204.36;205.52;203.05;0.31
29/10/2018;197.05;204.84;205.79;195.03;-3.87
30/10/2018;197.39;196.83;198.96;195.28;0.17
31/10/2018;198.59;197.27;201.89;193.00;0.61
01/11/2018;198.17;198.59;199.79;197.84;-0.21
02/11/2018;202.66;198.17;203.75;198.13;2.27
03/11/2018;200.23;202.67;203.16;199.63;-1.20
04/11/2018;211.86;200.27;218.35;199.38;5.81
05/11/2018;210.67;211.86;212.42;207.82;-0.56
06/11/2018;220.22;210.67;221.32;209.15;4.54
07/11/2018;218.80;220.22;224.64;217.16;-0.65
08/11/2018;212.87;218.80;220.53;212.79;-2.71
09/11/2018;211.39;212.87;215.26;209.23;-0.70
10/11/2018;213.21;211.39;215.47;210.61;0.86
11/11/2018;213.18;213.19;214.22;209.51;-0.01
12/11/2018;212.79;213.10;214.95;211.54;-0.18
13/11/2018;210.44;212.79;213.88;209.40;-1.10
14/11/2018;187.46;210.44;210.59;177.34;-10.92
15/11/2018;184.10;187.51;189.79;171.99;-1.79
16/11/2018;177.01;184.10;184.88;175.29;-3.85
17/11/2018;176.53;176.99;177.93;174.94;-0.27
18/11/2018;178.65;176.53;182.07;176.06;1.20
19/11/2018;150.12;178.76;178.93;146.86;-15.97
20/11/2018;132.92;150.27;153.55;127.30;-11.46
21/11/2018;137.72;132.90;140.86;126.84;3.61
22/11/2018;126.12;137.75;139.74;125.93;-8.42
23/11/2018;124.64;126.17;128.08;119.76;-1.17
24/11/2018;114.43;124.63;129.34;111.79;-8.19
25/11/2018;118.04;114.42;121.10;102.80;3.15
26/11/2018;110.08;118.03;120.56;106.44;-6.75
27/11/2018;111.18;110.08;113.67;102.84;1.00
28/11/2018;122.74;111.19;126.60;111.19;10.40
29/11/2018;117.85;122.75;123.77;114.81;-3.99
30/11/2018;113.77;117.86;119.80;111.73;-3.46
01/12/2018;118.23;113.76;120.45;111.62;3.91
02/12/2018;116.41;118.23;120.71;116.08;-1.54
03/12/2018;108.66;116.40;127.08;106.79;-6.65
04/12/2018;110.09;108.66;113.16;106.13;1.31
05/12/2018;102.33;110.14;110.70;102.24;-7.04
06/12/2018;90.86;102.36;104.42;90.57;-11.21
07/12/2018;93.27;90.85;96.99;77.65;2.65
08/12/2018;90.57;93.28;97.98;84.75;-2.90
09/12/2018;93.62;90.56;98.76;88.82;3.37
10/12/2018;90.17;93.62;95.30;88.68;-3.68
11/12/2018;88.32;90.18;91.94;86.25;-2.05
12/12/2018;89.62;87.72;91.33;87.19;1.46
13/12/2018;86.31;89.62;90.72;84.83;-3.69
14/12/2018;83.81;86.31;87.00;82.28;-2.90
15/12/2018;83.90;83.81;85.07;81.97;0.11
16/12/2018;84.72;83.90;87.62;83.89;0.97
17/12/2018;94.37;84.72;96.99;84.61;11.40
18/12/2018;100.66;94.37;101.33;91.96;6.66
19/12/2018;99.37;100.68;107.89;98.57;-1.28
20/12/2018;114.61;99.36;116.35;98.63;15.35
21/12/2018;108.18;114.60;118.67;105.59;-5.61
22/12/2018;115.84;108.18;115.87;105.97;7.07
23/12/2018;129.60;115.85;132.46;115.79;11.88
24/12/2018;139.23;129.60;158.27;129.48;7.43
25/12/2018;128.39;139.06;139.74;122.14;-7.79
26/12/2018;130.06;128.39;136.13;123.39;1.30
27/12/2018;114.56;130.06;131.51;112.59;-11.92
28/12/2018;136.61;114.57;137.22;113.14;19.25
29/12/2018;133.67;136.59;146.02;130.71;-2.15
30/12/2018;138.45;133.64;139.76;129.51;3.57
31/12/2018;131.90;138.45;138.72;129.61;-4.73
01/01/2019;139.61;131.90;140.51;130.67;5.84
02/01/2019;152.95;139.58;155.93;138.74;9.56
03/01/2019;146.94;152.96;154.30;144.39;-3.93
04/01/2019;152.86;146.94;155.40;145.29;4.03
05/01/2019;153.49;152.87;159.78;152.84;0.41
06/01/2019;154.96;153.48;158.29;148.63;0.96
07/01/2019;149.96;154.96;156.36;148.47;-3.23
08/01/2019;148.41;149.96;152.21;146.29;-1.03
09/01/2019;148.79;148.41;152.57;147.95;0.26
10/01/2019;125.63;148.78;150.09;121.98;-15.56
11/01/2019;125.15;125.61;127.83;121.28;-0.39
12/01/2019;123.75;125.15;126.15;122.73;-1.11
13/01/2019;114.64;123.75;124.09;112.79;-7.36
14/01/2019;127.53;114.65;130.30;114.62;11.24
15/01/2019;119.62;127.55;129.60;116.90;-6.20
16/01/2019;121.72;119.59;126.50;119.10;1.75
17/01/2019;122.03;121.71;123.03;117.51;0.25
18/01/2019;119.34;122.02;122.19;118.27;-2.20
19/01/2019;123.02;119.34;125.37;119.34;3.09
20/01/2019;117.52;123.00;123.52;116.25;-4.47
21/01/2019;116.05;117.52;118.04;114.15;-1.25
22/01/2019;118.23;116.05;119.47;112.36;1.88
23/01/2019;116.84;118.23;119.01;115.52;-1.18
24/01/2019;116.71;116.84;117.32;114.93;-0.11
25/01/2019;115.50;116.70;117.41;115.03;-1.03
26/01/2019;115.83;115.50;117.63;115.37;0.29
27/01/2019;112.50;115.83;116.24;112.03;-2.88
28/01/2019;105.82;112.50;113.14;101.60;-5.94
29/01/2019;104.79;105.82;107.32;102.89;-0.98
30/01/2019;108.52;104.76;109.67;103.82;3.55
31/01/2019;106.71;108.51;110.56;105.86;-1.66
01/02/2019;106.98;106.74;108.54;104.41;0.26
02/02/2019;110.68;106.99;111.16;106.29;3.46
03/02/2019;107.62;110.67;111.25;106.36;-2.77
04/02/2019;107.90;107.63;109.24;106.95;0.27
05/02/2019;107.37;107.91;108.32;106.60;-0.50
06/02/2019;104.63;107.37;107.67;102.28;-2.55
07/02/2019;104.55;104.63;106.12;104.29;-0.08
08/02/2019;119.23;104.55;122.58;103.89;14.05
09/02/2019;119.44;119.27;121.09;117.96;0.17
10/02/2019;124.92;119.44;125.46;116.42;4.59
11/02/2019;121.30;124.94;125.05;119.55;-2.89
12/02/2019;122.64;121.32;123.99;119.28;1.10
13/02/2019;122.22;122.66;126.17;121.06;-0.35
14/02/2019;120.97;122.21;124.46;120.44;-1.02
15/02/2019;121.73;120.97;124.00;120.87;0.63
16/02/2019;122.87;121.72;124.50;121.71;0.94
17/02/2019;133.79;122.88;135.27;122.78;8.89
18/02/2019;145.80;133.79;147.64;125.07;8.98
19/02/2019;144.01;145.79;149.84;143.80;-1.22
20/02/2019;149.11;144.02;149.46;140.88;3.54
21/02/2019;145.78;149.01;149.55;143.50;-2.23
22/02/2019;147.97;145.79;148.83;144.27;1.50
23/02/2019;158.30;147.97;159.31;146.28;6.99
24/02/2019;132.93;158.31;165.79;132.87;-16.03
25/02/2019;138.27;132.94;141.57;132.85;4.02
26/02/2019;136.67;138.26;138.66;134.48;-1.15
27/02/2019;135.20;136.66;159.60;128.15;-1.08
28/02/2019;135.47;135.20;138.56;133.09;0.20
01/03/2019;135.72;135.47;138.06;128.46;0.18
02/03/2019;132.76;135.72;136.36;130.74;-2.18
03/03/2019;131.01;132.77;168.42;129.05;-1.32
04/03/2019;125.97;131.02;131.57;123.25;-3.85
05/03/2019;136.82;125.97;141.11;125.44;8.61
06/03/2019;137.62;136.82;149.49;133.94;0.58
07/03/2019;136.93;137.62;139.98;135.72;-0.50
08/03/2019;133.85;136.93;139.45;131.66;-2.25
09/03/2019;137.52;133.84;138.57;133.38;2.74
10/03/2019;135.72;137.52;137.75;134.53;-1.31
11/03/2019;132.99;135.72;136.23;131.66;-2.01
12/03/2019;133.80;132.99;134.93;129.14;0.61
13/03/2019;131.97;133.81;133.84;131.20;-1.37
14/03/2019;132.45;131.97;134.82;130.48;0.36
15/03/2019;136.75;132.44;137.68;132.44;3.25
16/03/2019;141.15;136.77;143.95;136.75;3.21
17/03/2019;138.91;141.15;141.17;137.61;-1.59
18/03/2019;137.92;138.91;141.87;136.86;-0.71
19/03/2019;138.72;137.92;139.50;137.10;0.58
20/03/2019;139.31;138.72;139.75;136.56;0.42
21/03/2019;135.11;139.32;139.74;133.05;-3.02
22/03/2019;136.42;135.11;137.44;134.65;0.97
23/03/2019;137.53;136.42;138.30;135.76;0.81
24/03/2019;136.44;137.53;137.53;135.50;-0.79
25/03/2019;134.25;136.44;137.05;132.36;-1.60
26/03/2019;134.37;134.25;134.99;132.61;0.08
27/03/2019;139.65;134.37;140.08;133.89;3.93
28/03/2019;138.15;139.63;140.33;137.68;-1.08
29/03/2019;143.38;138.17;143.53;138.13;3.79
30/03/2019;142.65;143.38;145.85;140.43;-0.51
31/03/2019;141.79;142.65;142.69;140.71;-0.60
01/04/2019;141.50;141.77;143.28;140.26;-0.20
02/04/2019;163.47;141.50;165.42;141.29;15.53
03/04/2019;160.34;163.47;177.29;152.24;-1.92
04/04/2019;157.43;160.34;164.33;153.26;-1.81
05/04/2019;164.93;157.43;167.34;156.42;4.77
06/04/2019;165.55;164.93;172.53;160.22;0.37
07/04/2019;174.33;165.58;175.37;164.17;5.30
08/04/2019;179.16;174.32;185.54;171.87;2.77
09/04/2019;175.09;179.16;179.24;172.15;-2.27
10/04/2019;177.37;175.09;183.49;171.61;1.30
11/04/2019;164.36;177.39;177.63;159.60;-7.33
12/04/2019;163.47;164.37;166.08;158.93;-0.54
13/04/2019;163.19;163.46;165.27;161.34;-0.17
14/04/2019;167.29;163.19;168.18;161.52;2.51
15/04/2019;160.17;167.30;168.63;153.65;-4.25
16/04/2019;165.65;160.16;166.64;159.52;3.42
17/04/2019;165.90;165.61;167.21;164.26;0.16
18/04/2019;173.33;165.91;175.02;165.38;4.48
19/04/2019;172.79;173.34;173.41;169.15;-0.31
20/04/2019;172.73;172.79;176.71;170.17;-0.04
21/04/2019;168.52;172.89;173.42;164.81;-2.43
22/04/2019;170.87;168.50;172.32;167.07;1.39
23/04/2019;169.95;170.87;175.92;169.01;-0.54
24/04/2019;165.22;169.94;170.53;154.87;-2.78
25/04/2019;155.18;165.23;165.81;151.73;-6.07
26/04/2019;157.97;155.16;161.82;152.32;1.80
27/04/2019;159.41;157.96;161.95;156.74;0.91
28/04/2019;158.27;159.43;160.28;157.54;-0.71
29/04/2019;154.93;158.30;159.16;152.60;-2.11
30/04/2019;161.80;154.94;162.56;154.94;4.44
01/05/2019;160.38;161.84;163.70;158.85;-0.88
02/05/2019;161.66;160.35;162.88;159.22;0.80
03/05/2019;167.86;161.66;169.80;160.86;3.83
04/05/2019;163.68;167.87;171.04;160.36;-2.49
05/05/2019;163.03;163.67;165.25;159.56;-0.39
06/05/2019;173.00;163.03;176.98;159.66;6.11
07/05/2019;169.34;172.99;181.39;169.06;-2.11
08/05/2019;170.77;169.34;172.68;165.70;0.84
09/05/2019;170.84;170.76;173.28;167.03;0.04
10/05/2019;172.77;170.85;175.78;168.86;1.13
11/05/2019;192.27;172.78;204.72;172.75;11.28
12/05/2019;188.07;192.17;202.93;182.81;-2.18
13/05/2019;196.02;188.09;206.10;185.69;4.22
14/05/2019;217.42;196.00;220.02;195.22;10.92
15/05/2019;248.15;217.34;249.78;217.32;14.13
16/05/2019;264.69;248.14;278.52;244.27;6.66
17/05/2019;244.45;264.68;267.80;224.62;-7.65
18/05/2019;233.89;244.38;247.84;232.13;-4.32
19/05/2019;259.63;233.87;263.05;232.85;11.01
20/05/2019;250.72;259.68;259.68;238.64;-3.43
21/05/2019;253.76;250.72;261.59;246.85;1.21
22/05/2019;244.34;253.70;259.70;241.68;-3.71
23/05/2019;244.68;244.35;247.30;231.89;0.14
24/05/2019;249.17;244.68;254.22;241.74;1.83
25/05/2019;250.68;249.20;256.90;247.90;0.61
26/05/2019;264.68;250.69;268.75;245.92;5.59
27/05/2019;270.98;264.66;279.07;262.96;2.38
28/05/2019;271.18;270.97;275.39;265.50;0.08
29/05/2019;268.61;271.16;273.72;260.85;-0.95
30/05/2019;254.52;268.62;287.99;241.51;-5.24
31/05/2019;267.99;254.57;268.70;246.61;5.29
01/06/2019;264.31;267.94;274.94;261.14;-1.37
02/06/2019;269.01;264.26;272.64;263.59;1.78
03/06/2019;250.37;269.03;269.77;248.77;-6.93
04/06/2019;241.26;250.26;251.47;235.35;-3.64
05/06/2019;245.83;241.27;248.24;237.94;1.89
06/06/2019;248.54;245.81;250.00;236.40;1.10
07/06/2019;248.98;248.63;253.12;244.33;0.18
08/06/2019;243.42;248.98;250.51;241.09;-2.23
09/06/2019;231.27;243.43;244.36;227.00;-4.99
10/06/2019;246.86;231.21;246.99;227.38;6.74
11/06/2019;244.41;246.85;247.77;237.60;-0.99
12/06/2019;261.54;244.38;261.67;242.57;7.01
13/06/2019;254.86;261.38;262.47;254.02;-2.55
14/06/2019;262.53;254.89;268.81;252.01;3.01
15/06/2019;267.75;262.53;271.61;260.92;1.99
16/06/2019;267.98;267.74;282.75;263.96;0.09
17/06/2019;273.00;268.00;274.14;266.96;1.87
18/06/2019;264.59;273.02;273.26;261.76;-3.08
19/06/2019;268.26;264.59;269.79;263.61;1.39
20/06/2019;271.43;268.26;273.18;264.83;1.18
21/06/2019;294.72;271.45;295.72;271.45;8.58
22/06/2019;310.38;294.69;314.00;292.09;5.31
23/06/2019;308.53;310.39;320.79;306.12;-0.59
24/06/2019;311.46;308.51;313.67;297.90;0.95
25/06/2019;317.65;311.47;318.49;307.75;1.99
26/06/2019;338.54;317.65;364.89;315.99;6.58
27/06/2019;297.55;338.54;345.83;279.82;-12.11
28/06/2019;310.56;297.73;312.70;295.30;4.37
29/06/2019;318.48;310.52;324.13;295.44;2.55
30/06/2019;292.21;318.26;323.21;290.78;-8.25
01/07/2019;294.83;292.23;303.00;280.35;0.90
02/07/2019;291.41;294.87;297.00;273.07;-1.16
03/07/2019;300.58;291.48;301.64;289.39;3.14
04/07/2019;283.43;300.51;301.56;281.18;-5.70
05/07/2019;287.15;283.36;293.61;281.92;1.31
06/07/2019;288.08;287.16;296.06;285.61;0.32
07/07/2019;304.88;288.11;309.42;285.28;5.83
08/07/2019;312.23;304.87;313.15;301.60;2.41
09/07/2019;307.41;312.23;317.94;303.38;-1.54
10/07/2019;289.10;307.44;313.81;281.53;-5.96
11/07/2019;268.72;289.13;289.14;263.08;-7.05
12/07/2019;274.68;268.72;278.33;266.81;2.22
13/07/2019;269.16;274.68;275.04;262.85;-2.01
14/07/2019;226.62;269.12;269.62;223.95;-15.80
15/07/2019;228.49;226.56;235.43;204.39;0.82
16/07/2019;198.87;228.49;234.41;193.48;-12.96
17/07/2019;210.95;198.88;219.13;192.91;6.07
18/07/2019;225.23;210.95;228.42;206.47;6.77
19/07/2019;220.09;225.23;225.68;213.57;-2.28
20/07/2019;227.86;220.11;233.70;219.80;3.53
21/07/2019;225.01;227.83;228.76;217.72;-1.25
22/07/2019;217.27;225.03;227.47;212.46;-3.44
23/07/2019;211.87;217.27;218.03;208.31;-2.49
24/07/2019;215.44;211.86;217.02;202.30;1.69
25/07/2019;217.65;215.45;224.05;214.79;1.02
26/07/2019;217.83;217.65;218.65;212.07;0.09
27/07/2019;206.62;217.80;222.70;203.50;-5.15
28/07/2019;210.37;206.64;212.01;199.68;1.81
29/07/2019;209.82;210.39;214.45;207.37;-0.26
30/07/2019;208.49;209.81;212.88;204.54;-0.63
31/07/2019;217.23;208.49;218.19;208.17;4.19
01/08/2019;216.37;217.23;217.55;211.23;-0.40
02/08/2019;216.54;216.37;220.84;213.93;0.08
03/08/2019;220.89;216.52;223.00;215.52;2.01
04/08/2019;220.72;220.89;222.21;216.31;-0.08
05/08/2019;232.45;220.76;235.00;220.75;5.31
06/08/2019;225.63;232.45;237.47;222.46;-2.93
07/08/2019;224.66;225.62;229.22;220.62;-0.43
08/08/2019;220.16;224.68;226.11;215.57;-2.00
09/08/2019;209.49;220.12;220.49;206.40;-4.84
10/08/2019;205.93;209.46;213.53;202.35;-1.70
11/08/2019;215.83;205.92;216.23;205.64;4.81
12/08/2019;210.45;215.84;215.97;209.49;-2.49
13/08/2019;207.68;210.48;211.01;106.01;-1.32
14/08/2019;186.56;207.68;209.43;183.74;-10.17
15/08/2019;187.80;186.59;189.30;176.08;0.66
16/08/2019;184.55;187.67;188.03;179.35;-1.73
17/08/2019;184.81;184.55;186.12;181.58;0.14
18/08/2019;193.68;184.83;197.17;182.96;4.80
19/08/2019;201.64;193.67;202.81;192.33;4.11
20/08/2019;196.14;201.65;201.96;194.55;-2.73
21/08/2019;187.24;196.15;196.78;181.29;-4.54
22/08/2019;190.29;187.27;194.42;182.97;1.63
23/08/2019;193.43;190.29;195.32;175.80;1.65
24/08/2019;190.15;193.42;193.47;186.13;-1.70
25/08/2019;186.30;190.16;191.49;182.81;-2.02
26/08/2019;188.34;186.32;193.09;186.02;1.09
27/08/2019;186.58;188.36;188.61;184.26;-0.93
28/08/2019;172.85;186.60;187.13;167.57;-7.36
29/08/2019;168.66;172.85;173.05;164.04;-2.43
30/08/2019;168.16;168.68;170.27;165.38;-0.29
31/08/2019;171.62;168.14;174.43;166.16;2.06
01/09/2019;169.72;171.62;173.22;167.08;-1.11
