01/02/2015;0.01352;0.01499;0.01499;0.01351;-9.81
02/02/2015;0.01327;0.01500;0.01500;0.01327;-1.85
03/02/2015;0.01480;0.01327;0.01500;0.01327;11.53
04/02/2015;0.01400;0.01480;0.01480;0.01400;-5.41
05/02/2015;0.01573;0.01400;0.01573;0.01300;12.36
06/02/2015;0.01550;0.01573;0.01695;0.01400;-1.46
07/02/2015;0.01468;0.01550;0.01550;0.01401;-5.29
08/02/2015;0.01428;0.01468;0.01506;0.01428;-2.72
09/02/2015;0.01350;0.01428;0.01467;0.01350;-5.46
10/02/2015;0.01464;0.01350;0.01467;0.01100;8.44
11/02/2015;0.01462;0.01464;0.01464;0.01100;-0.14
12/02/2015;0.01430;0.01462;0.01463;0.01101;-2.19
13/02/2015;0.01445;0.01430;0.01472;0.01201;1.05
14/02/2015;0.01200;0.01445;0.01508;0.01200;-16.96
15/02/2015;0.01200;0.01200;0.01200;0.01200;0.00
16/02/2015;0.01508;0.01509;0.01509;0.01200;25.67
17/02/2015;0.01301;0.01508;0.01508;0.01202;-13.73
18/02/2015;0.01499;0.01301;0.01499;0.01301;15.22
19/02/2015;0.01307;0.01499;0.01499;0.01307;-12.81
20/02/2015;0.01307;0.01307;0.01498;0.01307;0.00
21/02/2015;0.01307;0.01307;0.01410;0.01307;0.00
22/02/2015;0.01307;0.01307;0.01403;0.01307;0.00
23/02/2015;0.01403;0.01307;0.01403;0.01307;7.35
24/02/2015;0.01343;0.01403;0.01403;0.01307;-4.28
25/02/2015;0.01400;0.01343;0.01400;0.01307;4.24
26/02/2015;0.01300;0.01400;0.01400;0.01160;-7.14
27/02/2015;0.01206;0.01300;0.01398;0.01160;-7.23
28/02/2015;0.01178;0.01206;0.01320;0.01160;-2.32
01/03/2015;0.01101;0.01178;0.01348;0.01100;-6.54
02/03/2015;0.00661;0.01101;0.01208;0.00661;-39.95
03/03/2015;0.00850;0.00661;0.01205;0.00661;28.65
04/03/2015;0.01200;0.00850;0.01200;0.00843;41.09
05/03/2015;0.01200;0.01200;0.01200;0.00933;0.00
06/03/2015;0.01040;0.01200;0.01200;0.00923;-13.33
07/03/2015;0.01030;0.01040;0.01200;0.01030;-0.96
08/03/2015;0.00978;0.01030;0.01103;0.00976;-5.08
09/03/2015;0.00981;0.00982;0.01098;0.00980;0.30
10/03/2015;0.00954;0.00981;0.01097;0.00883;-2.75
11/03/2015;0.00770;0.00954;0.01093;0.00770;-19.25
12/03/2015;0.01082;0.00770;0.01088;0.00770;40.52
13/03/2015;0.01071;0.01082;0.01082;0.00820;-1.02
14/03/2015;0.01112;0.01071;0.01197;0.01015;3.83
15/03/2015;0.01060;0.01112;0.01167;0.01016;-4.68
16/03/2015;0.01054;0.01060;0.01118;0.01016;-0.57
17/03/2015;0.01053;0.01054;0.01118;0.01053;-0.09
18/03/2015;0.01024;0.01053;0.01496;0.01016;-2.75
19/03/2015;0.01093;0.01024;0.01098;0.00790;6.74
20/03/2015;0.00752;0.01093;0.01093;0.00750;-31.24
21/03/2015;0.01011;0.00752;0.01019;0.00750;34.53
22/03/2015;0.01004;0.01011;0.01020;0.00940;-0.69
23/03/2015;0.00973;0.01004;0.01020;0.00973;-3.11
24/03/2015;0.00994;0.00973;0.00995;0.00900;2.20
25/03/2015;0.00920;0.00994;0.00994;0.00800;-7.46
26/03/2015;0.00850;0.00920;0.00930;0.00850;-7.61
27/03/2015;0.00875;0.00850;0.00880;0.00850;2.94
28/03/2015;0.00895;0.00875;0.00895;0.00865;2.29
29/03/2015;0.00835;0.00895;0.00895;0.00830;-6.70
30/03/2015;0.00820;0.00810;0.00850;0.00810;-1.81
31/03/2015;0.00774;0.00820;0.00850;0.00750;-5.62
01/04/2015;0.00790;0.00774;0.00798;0.00751;2.09
02/04/2015;0.00785;0.00790;0.00850;0.00761;-0.63
03/04/2015;0.00893;0.00785;0.00928;0.00785;13.69
04/04/2015;0.00937;0.00893;0.00994;0.00846;4.96
05/04/2015;0.00884;0.00937;0.00946;0.00870;-5.65
06/04/2015;0.00878;0.00884;0.00936;0.00845;-0.63
07/04/2015;0.00910;0.00878;0.00936;0.00872;3.61
08/04/2015;0.00918;0.00910;0.00937;0.00879;0.88
09/04/2015;0.00919;0.00918;0.00980;0.00793;0.16
10/04/2015;0.00918;0.00919;0.00920;0.00892;-0.16
11/04/2015;0.00800;0.00918;0.00918;0.00800;-12.85
12/04/2015;0.00800;0.00800;0.00914;0.00800;0.00
13/04/2015;0.00827;0.00800;0.00840;0.00800;3.39
14/04/2015;0.00827;0.00827;0.00827;0.00827;0.00
15/04/2015;0.00827;0.00827;0.00827;0.00827;0.00
16/04/2015;0.00827;0.00827;0.00827;0.00827;0.00
17/04/2015;0.00827;0.00827;0.00827;0.00827;0.00
18/04/2015;0.00827;0.00827;0.00827;0.00827;0.00
19/04/2015;0.00827;0.00827;0.00827;0.00827;0.00
20/04/2015;0.00356;0.01150;0.01150;0.00356;-56.90
21/04/2015;0.00356;0.00356;0.00356;0.00356;0.00
22/04/2015;0.00400;0.00400;0.01140;0.00356;12.20
23/04/2015;0.00827;0.00820;0.00827;0.00820;106.85
24/04/2015;0.00802;0.00827;0.00850;0.00800;-3.07
25/04/2015;0.00802;0.00802;0.00819;0.00802;0.00
26/04/2015;0.00778;0.00802;0.00808;0.00778;-2.99
27/04/2015;0.00805;0.00778;0.00806;0.00778;3.52
28/04/2015;0.00770;0.00805;0.00805;0.00770;-4.42
29/04/2015;0.00764;0.00770;0.00806;0.00762;-0.83
30/04/2015;0.00850;0.00764;0.00850;0.00764;11.33
01/05/2015;0.00850;0.00850;0.00850;0.00780;0.00
02/05/2015;0.00844;0.00850;0.00850;0.00801;-0.68
03/05/2015;0.00780;0.00844;0.00844;0.00780;-7.56
04/05/2015;0.00817;0.00780;0.00850;0.00780;4.64
05/05/2015;0.00780;0.00817;0.00849;0.00780;-4.47
06/05/2015;0.00772;0.00779;0.00790;0.00772;-1.03
07/05/2015;0.00780;0.00772;0.00800;0.00666;1.02
08/05/2015;0.00666;0.00780;0.00780;0.00666;-14.60
09/05/2015;0.00780;0.00666;0.00780;0.00666;17.12
10/05/2015;0.00666;0.00780;0.00780;0.00666;-14.62
11/05/2015;0.00666;0.00666;0.00666;0.00666;0.00
12/05/2015;0.00750;0.00750;0.00750;0.00666;12.60
13/05/2015;0.00666;0.00750;0.00750;0.00666;-11.19
14/05/2015;0.00748;0.00666;0.00750;0.00666;12.28
15/05/2015;0.00648;0.00748;0.00750;0.00648;-13.29
16/05/2015;0.00648;0.00648;0.00719;0.00648;0.00
17/05/2015;0.00648;0.00648;0.00648;0.00648;0.00
18/05/2015;0.00612;0.00648;0.00648;0.00612;-5.63
19/05/2015;0.00460;0.00612;0.00710;0.00460;-24.79
20/05/2015;0.00501;0.00460;0.00710;0.00460;8.83
21/05/2015;0.00500;0.00501;0.00501;0.00500;0.00
22/05/2015;0.00500;0.00500;0.00710;0.00500;0.00
23/05/2015;0.00710;0.00710;0.00710;0.00710;41.86
24/05/2015;0.00500;0.00710;0.00748;0.00500;-29.50
25/05/2015;0.00747;0.00500;0.00747;0.00500;49.31
26/05/2015;0.00724;0.00725;0.00725;0.00724;-3.11
27/05/2015;0.01498;0.00724;0.01498;0.00552;106.96
28/05/2015;0.00553;0.01498;0.01498;0.00553;-63.11
29/05/2015;0.01412;0.00553;0.01412;0.00553;155.52
30/05/2015;0.00810;0.01412;0.01412;0.00810;-42.63
31/05/2015;0.00900;0.00810;0.00900;0.00810;11.11
01/06/2015;0.00560;0.00900;0.00900;0.00560;-37.78
02/06/2015;0.00857;0.00780;0.00858;0.00750;53.04
03/06/2015;0.00561;0.00560;0.00561;0.00560;-34.59
04/06/2015;0.00892;0.00850;0.00892;0.00800;59.10
05/06/2015;0.00892;0.00892;0.00892;0.00561;0.00
06/06/2015;0.00892;0.00892;0.00892;0.00892;0.00
07/06/2015;0.00892;0.00892;0.00892;0.00892;0.00
08/06/2015;0.00892;0.00892;0.00892;0.00560;0.00
09/06/2015;0.00807;0.00555;0.00892;0.00555;-9.52
10/06/2015;0.00807;0.00807;0.00891;0.00790;0.00
11/06/2015;0.00807;0.00807;0.00891;0.00807;0.00
12/06/2015;0.00800;0.00807;0.00891;0.00556;-0.84
13/06/2015;0.00790;0.00800;0.00891;0.00556;-1.25
14/06/2015;0.00800;0.00800;0.00891;0.00800;1.27
15/06/2015;0.00840;0.00800;0.00840;0.00800;5.00
16/06/2015;0.01497;0.00840;0.01497;0.00840;78.21
17/06/2015;0.00980;0.01497;0.01497;0.00970;-34.54
18/06/2015;0.01497;0.00980;0.01497;0.00970;52.76
19/06/2015;0.01139;0.01139;0.01139;0.01139;-23.91
20/06/2015;0.01410;0.01450;0.01450;0.01410;23.79
21/06/2015;0.01000;0.01410;0.01497;0.01000;-29.08
22/06/2015;0.01025;0.01000;0.01025;0.01000;2.50
23/06/2015;0.01025;0.01025;0.01025;0.01000;0.00
24/06/2015;0.01150;0.01025;0.01150;0.01025;12.20
25/06/2015;0.01150;0.01150;0.01150;0.01150;0.00
26/06/2015;0.01220;0.01150;0.01220;0.01150;6.09
27/06/2015;0.01100;0.01050;0.01497;0.01050;-9.84
28/06/2015;0.01180;0.01100;0.01180;0.01100;7.27
29/06/2015;0.01146;0.01180;0.01180;0.01145;-2.88
30/06/2015;0.01100;0.01146;0.01168;0.00840;-4.01
01/07/2015;0.01135;0.01100;0.01135;0.01100;3.18
02/07/2015;0.01135;0.01135;0.01135;0.00842;0.00
03/07/2015;0.01100;0.01135;0.01497;0.00950;-3.08
04/07/2015;0.01090;0.01100;0.01496;0.01070;-0.91
05/07/2015;0.00885;0.01090;0.01090;0.00880;-18.81
06/07/2015;0.01025;0.00885;0.01025;0.00885;15.82
07/07/2015;0.00920;0.01025;0.01025;0.00880;-10.24
08/07/2015;0.00970;0.00920;0.00970;0.00920;5.43
09/07/2015;0.00840;0.00970;0.00970;0.00840;-13.40
10/07/2015;0.00898;0.00840;0.00970;0.00556;6.87
11/07/2015;0.00825;0.00898;0.00898;0.00825;-8.10
12/07/2015;0.00825;0.00825;0.00898;0.00825;0.00
13/07/2015;0.00810;0.00825;0.00880;0.00810;-1.83
14/07/2015;0.00880;0.00810;0.00880;0.00790;8.64
15/07/2015;0.00880;0.00880;0.00880;0.00880;0.00
16/07/2015;0.00790;0.00880;0.00880;0.00790;-10.23
17/07/2015;0.00790;0.00790;0.00790;0.00790;0.00
18/07/2015;0.00800;0.00790;0.00860;0.00790;1.27
19/07/2015;0.00790;0.00800;0.00800;0.00790;-1.25
20/07/2015;0.00844;0.00790;0.00849;0.00790;6.89
21/07/2015;0.00844;0.00844;0.00844;0.00710;-0.07
22/07/2015;0.00820;0.00844;0.00844;0.00820;-2.82
23/07/2015;0.00760;0.00760;0.00760;0.00760;-7.32
24/07/2015;0.00750;0.00760;0.00780;0.00750;-1.32
25/07/2015;0.00770;0.00750;0.00820;0.00750;2.67
26/07/2015;0.00830;0.00770;0.00830;0.00760;7.79
27/07/2015;0.00790;0.00830;0.00860;0.00790;-4.82
28/07/2015;0.00875;0.00790;0.00880;0.00790;10.76
29/07/2015;0.00875;0.00875;0.00875;0.00875;0.00
30/07/2015;0.00870;0.00875;0.00875;0.00870;-0.57
31/07/2015;0.00860;0.00801;0.00860;0.00801;-1.15
01/08/2015;0.00841;0.00860;0.00860;0.00841;-2.21
02/08/2015;0.00850;0.00841;0.00850;0.00801;1.07
03/08/2015;0.00850;0.00850;0.00850;0.00850;0.00
04/08/2015;0.00820;0.00850;0.00860;0.00820;-3.53
05/08/2015;0.00860;0.00820;0.00860;0.00820;4.88
06/08/2015;0.00801;0.00801;0.00801;0.00801;-6.86
07/08/2015;0.00801;0.00801;0.00801;0.00801;0.00
08/08/2015;0.00900;0.00801;0.00930;0.00801;12.32
09/08/2015;0.00870;0.00900;0.00910;0.00860;-3.33
10/08/2015;0.00918;0.00870;0.00918;0.00870;5.52
11/08/2015;0.00850;0.00918;0.00918;0.00850;-7.41
12/08/2015;0.00801;0.00850;0.00850;0.00801;-5.76
13/08/2015;0.00850;0.00850;0.00850;0.00850;6.12
14/08/2015;0.00801;0.00850;0.00850;0.00801;-5.76
15/08/2015;0.00801;0.00801;0.00801;0.00801;0.00
16/08/2015;0.00900;0.00801;0.00900;0.00801;12.35
17/08/2015;0.00850;0.00900;0.00900;0.00825;-5.55
18/08/2015;0.00875;0.00850;0.00875;0.00850;2.94
19/08/2015;0.00778;0.00875;0.00875;0.00778;-11.11
20/08/2015;0.00875;0.00778;0.00875;0.00778;12.50
21/08/2015;0.00797;0.00875;0.00875;0.00778;-8.93
22/08/2015;0.00801;0.00797;0.00875;0.00797;0.51
23/08/2015;0.00700;0.00801;0.00801;0.00700;-12.61
24/08/2015;0.00800;0.00700;0.00800;0.00700;14.29
25/08/2015;0.00670;0.00800;0.00800;0.00670;-16.25
26/08/2015;0.00875;0.00670;0.00875;0.00670;30.60
27/08/2015;0.00875;0.00875;0.00875;0.00875;0.00
28/08/2015;0.00551;0.00815;0.00954;0.00551;-37.05
29/08/2015;0.00873;0.00670;0.00873;0.00670;58.50
30/08/2015;0.00873;0.00873;0.00873;0.00873;0.00
31/08/2015;0.00690;0.00873;0.00873;0.00690;-20.95
01/09/2015;0.00954;0.00551;0.00954;0.00551;38.18
02/09/2015;0.00871;0.00690;0.00871;0.00690;-8.65
03/09/2015;0.00954;0.00954;0.00954;0.00954;9.47
04/09/2015;0.00954;0.00954;0.00954;0.00954;0.00
05/09/2015;0.00800;0.00871;0.00871;0.00700;-16.11
06/09/2015;0.00759;0.00800;0.00800;0.00700;-5.13
07/09/2015;0.00800;0.00759;0.00800;0.00709;5.39
08/09/2015;0.00800;0.00800;0.00800;0.00800;0.00
09/09/2015;0.00850;0.00800;0.00850;0.00800;6.25
10/09/2015;0.00770;0.00850;0.00850;0.00750;-9.41
11/09/2015;0.00790;0.00770;0.00790;0.00770;2.60
12/09/2015;0.00755;0.00790;0.00790;0.00755;-4.43
13/09/2015;0.00746;0.00755;0.00800;0.00746;-1.19
14/09/2015;0.00725;0.00800;0.00800;0.00725;-2.82
15/09/2015;0.00800;0.00725;0.00800;0.00725;10.34
16/09/2015;0.00740;0.00800;0.00800;0.00740;-7.50
17/09/2015;0.00760;0.00740;0.00778;0.00740;2.70
18/09/2015;0.00725;0.00760;0.00770;0.00725;-4.61
19/09/2015;0.00770;0.00725;0.00770;0.00725;6.21
20/09/2015;0.00720;0.00770;0.00770;0.00720;-6.49
21/09/2015;0.00760;0.00750;0.00770;0.00750;5.56
22/09/2015;0.00720;0.00750;0.00750;0.00720;-5.26
23/09/2015;0.00750;0.00720;0.00750;0.00660;4.15
24/09/2015;0.00670;0.00680;0.00680;0.00670;-10.65
25/09/2015;0.00750;0.00670;0.00750;0.00660;11.94
26/09/2015;0.00660;0.00661;0.00661;0.00660;-12.05
27/09/2015;0.00557;0.00557;0.00557;0.00557;-15.62
28/09/2015;0.00590;0.00725;0.00725;0.00582;6.02
29/09/2015;0.00553;0.00590;0.00650;0.00553;-6.35
30/09/2015;0.00553;0.00553;0.00553;0.00553;0.00
01/10/2015;0.00525;0.00550;0.00550;0.00525;-4.99
02/10/2015;0.00580;0.00649;0.00649;0.00580;10.48
03/10/2015;0.00525;0.00580;0.00639;0.00525;-9.48
04/10/2015;0.00501;0.00510;0.00510;0.00501;-4.67
05/10/2015;0.00590;0.00501;0.00590;0.00444;17.88
06/10/2015;0.00580;0.00590;0.00590;0.00570;-1.73
07/10/2015;0.00550;0.00559;0.00580;0.00550;-5.14
08/10/2015;0.00510;0.00550;0.00550;0.00510;-7.27
09/10/2015;0.00550;0.00510;0.00825;0.00500;7.84
10/10/2015;0.00825;0.00504;0.00825;0.00504;50.00
11/10/2015;0.00525;0.00525;0.00700;0.00525;-36.35
12/10/2015;0.00550;0.00525;0.00650;0.00524;4.74
13/10/2015;0.00540;0.00550;0.00560;0.00540;-1.82
14/10/2015;0.00501;0.00540;0.00560;0.00501;-7.30
15/10/2015;0.00505;0.00501;0.00522;0.00501;0.90
16/10/2015;0.00541;0.00541;0.00541;0.00541;7.15
17/10/2015;0.00505;0.00541;0.00560;0.00505;-6.67
18/10/2015;0.00503;0.00505;0.00506;0.00503;-0.48
19/10/2015;0.00508;0.00503;0.00553;0.00503;1.07
20/10/2015;0.00480;0.00508;0.00508;0.00453;-5.53
21/10/2015;0.00460;0.00480;0.00480;0.00460;-4.17
22/10/2015;0.00449;0.00460;0.00550;0.00449;-2.35
23/10/2015;0.00460;0.00450;0.00465;0.00450;2.40
24/10/2015;0.00460;0.00460;0.00550;0.00460;0.00
25/10/2015;0.00449;0.00460;0.00510;0.00449;-2.35
26/10/2015;0.00510;0.00449;0.00510;0.00449;13.54
27/10/2015;0.00479;0.00510;0.00510;0.00444;-6.00
28/10/2015;0.00445;0.00479;0.00479;0.00445;-7.28
29/10/2015;0.00400;0.00445;0.00550;0.00400;-9.94
30/10/2015;0.00525;0.00463;0.00525;0.00463;31.13
31/10/2015;0.00503;0.00525;0.00525;0.00503;-4.12
01/11/2015;0.00503;0.00503;0.00503;0.00503;0.00
02/11/2015;0.00450;0.00475;0.00490;0.00450;-10.59
03/11/2015;0.00510;0.00505;0.00525;0.00505;13.33
04/11/2015;0.00450;0.00480;0.00553;0.00440;-11.76
05/11/2015;0.00410;0.00450;0.00550;0.00410;-8.89
06/11/2015;0.00441;0.00428;0.00458;0.00420;7.68
07/11/2015;0.00445;0.00400;0.00445;0.00400;0.79
08/11/2015;0.00400;0.00445;0.00450;0.00400;-10.11
09/11/2015;0.00400;0.00470;0.00470;0.00400;0.00
10/11/2015;0.00435;0.00435;0.00435;0.00435;8.75
11/11/2015;0.00470;0.00400;0.00470;0.00400;8.05
12/11/2015;0.00500;0.00470;0.00500;0.00470;6.38
13/11/2015;0.00434;0.00436;0.00447;0.00429;-13.20
14/11/2015;0.00480;0.00480;0.00480;0.00480;10.60
15/11/2015;0.00417;0.00432;0.00450;0.00414;-13.08
16/11/2015;0.00431;0.00417;0.00432;0.00413;3.26
17/11/2015;0.00440;0.00440;0.00440;0.00440;2.14
18/11/2015;0.00410;0.00430;0.00440;0.00410;-6.82
19/11/2015;0.00440;0.00410;0.00440;0.00400;7.29
20/11/2015;0.00439;0.00439;0.00439;0.00439;-0.20
21/11/2015;0.00406;0.00427;0.00427;0.00406;-7.56
22/11/2015;0.00433;0.00430;0.00433;0.00430;6.63
23/11/2015;0.00440;0.00425;0.00440;0.00424;1.62
24/11/2015;0.00421;0.00440;0.00440;0.00420;-4.34
25/11/2015;0.00420;0.00437;0.00437;0.00420;-0.14
26/11/2015;0.00407;0.00420;0.00437;0.00407;-3.19
27/11/2015;0.00400;0.00407;0.00408;0.00400;-1.62
28/11/2015;0.00400;0.00400;0.00400;0.00400;0.00
29/11/2015;0.00400;0.00400;0.00400;0.00400;0.00
30/11/2015;0.00400;0.00400;0.00440;0.00400;0.00
01/12/2015;0.00402;0.00390;0.00410;0.00390;0.50
02/12/2015;0.00415;0.00402;0.00415;0.00380;3.23
03/12/2015;0.00410;0.00415;0.00425;0.00400;-1.20
04/12/2015;0.00480;0.00410;0.00480;0.00410;17.05
05/12/2015;0.00425;0.00480;0.00480;0.00425;-11.44
06/12/2015;0.00475;0.00425;0.00480;0.00425;11.76
07/12/2015;0.00450;0.00475;0.00495;0.00450;-5.26
08/12/2015;0.00624;0.00450;0.00624;0.00450;38.67
09/12/2015;0.00735;0.00624;0.00825;0.00583;17.79
10/12/2015;0.00650;0.00735;0.01000;0.00450;-11.59
11/12/2015;0.00600;0.00650;0.00700;0.00600;-7.66
12/12/2015;0.00613;0.00700;0.00700;0.00609;2.18
13/12/2015;0.00590;0.00613;0.00656;0.00590;-3.77
14/12/2015;0.00580;0.00590;0.00700;0.00580;-1.69
15/12/2015;0.00475;0.00580;0.00610;0.00475;-18.10
16/12/2015;0.00600;0.00425;0.00600;0.00425;26.32
17/12/2015;0.00560;0.00580;0.00580;0.00560;-6.67
18/12/2015;0.00540;0.00559;0.00559;0.00490;-3.57
19/12/2015;0.00550;0.00550;0.00550;0.00550;1.85
20/12/2015;0.00490;0.00500;0.00500;0.00490;-10.91
21/12/2015;0.00511;0.00500;0.00511;0.00480;4.24
22/12/2015;0.00560;0.00511;0.00560;0.00472;9.63
23/12/2015;0.00560;0.00519;0.00560;0.00504;0.00
24/12/2015;0.00475;0.00560;0.00560;0.00475;-15.18
25/12/2015;0.00669;0.00588;0.00669;0.00588;40.93
26/12/2015;0.00580;0.00570;0.00580;0.00500;-13.36
27/12/2015;0.00510;0.00510;0.00510;0.00510;-12.07
28/12/2015;0.00490;0.00510;0.00510;0.00490;-3.92
29/12/2015;0.00526;0.00520;0.00540;0.00501;7.24
30/12/2015;0.00535;0.00526;0.00535;0.00516;1.81
31/12/2015;0.00520;0.00535;0.00535;0.00510;-2.71
01/01/2016;0.00550;0.00520;0.00550;0.00513;5.67
02/01/2016;0.00513;0.00513;0.00513;0.00500;-6.82
03/01/2016;0.00520;0.00513;0.00540;0.00500;1.46
04/01/2016;0.00510;0.00520;0.00535;0.00510;-1.92
05/01/2016;0.00500;0.00510;0.00540;0.00500;-1.96
06/01/2016;0.00500;0.00500;0.00550;0.00500;0.00
07/01/2016;0.00500;0.00500;0.00564;0.00500;0.00
08/01/2016;0.00500;0.00500;0.00560;0.00500;0.00
09/01/2016;0.00400;0.00500;0.00550;0.00400;-20.00
10/01/2016;0.00540;0.00540;0.00540;0.00540;35.00
11/01/2016;0.00401;0.00540;0.00540;0.00401;-25.74
12/01/2016;0.00505;0.00401;0.00505;0.00401;26.01
13/01/2016;0.00505;0.00505;0.00505;0.00505;0.00
14/01/2016;0.00479;0.00505;0.00505;0.00401;-5.15
15/01/2016;0.00505;0.00479;0.00505;0.00479;5.43
16/01/2016;0.00489;0.00513;0.00513;0.00465;-3.13
17/01/2016;0.00492;0.00489;0.00492;0.00489;0.51
18/01/2016;0.00511;0.00492;0.00543;0.00492;3.93
19/01/2016;0.00525;0.00511;0.00528;0.00511;2.64
20/01/2016;0.00543;0.00525;0.00543;0.00525;3.58
21/01/2016;0.00524;0.00543;0.00562;0.00524;-3.53
22/01/2016;0.00523;0.00524;0.00524;0.00499;-0.19
23/01/2016;0.00512;0.00523;0.00523;0.00512;-2.12
24/01/2016;0.00512;0.00512;0.00520;0.00499;0.00
25/01/2016;0.00510;0.00512;0.00512;0.00510;-0.43
26/01/2016;0.00565;0.00510;0.00565;0.00500;10.84
27/01/2016;0.00651;0.00565;0.00695;0.00565;15.18
28/01/2016;0.00580;0.00651;0.00685;0.00577;-11.00
29/01/2016;0.00692;0.00580;0.00785;0.00580;19.41
30/01/2016;0.00633;0.00692;0.00785;0.00620;-8.53
31/01/2016;0.00615;0.00633;0.00660;0.00578;-2.78
01/02/2016;0.00670;0.00615;0.00670;0.00530;8.82
02/02/2016;0.00699;0.00670;0.00699;0.00647;4.36
03/02/2016;0.00662;0.00699;0.00699;0.00662;-5.24
04/02/2016;0.00663;0.00662;0.00697;0.00658;0.15
05/02/2016;0.00790;0.00663;0.00790;0.00659;19.10
06/02/2016;0.00800;0.00790;0.00800;0.00790;1.27
07/02/2016;0.00764;0.00800;0.00909;0.00764;-4.45
08/02/2016;0.00812;0.00812;0.00812;0.00812;6.25
09/02/2016;0.00736;0.00812;0.10000;0.00736;-9.37
10/02/2016;0.00739;0.00736;0.00819;0.00736;0.37
11/02/2016;0.00819;0.00739;0.00819;0.00736;10.87
12/02/2016;0.00794;0.00819;0.00820;0.00639;-3.06
13/02/2016;0.00844;0.00794;0.00845;0.00766;6.30
14/02/2016;0.00821;0.00844;0.00899;0.00820;-2.73
15/02/2016;0.00835;0.00821;0.00880;0.00821;1.71
16/02/2016;0.00811;0.00835;0.00875;0.00811;-2.87
17/02/2016;0.00746;0.00811;0.00864;0.00733;-8.06
18/02/2016;0.00844;0.00746;0.00844;0.00742;13.20
19/02/2016;0.00848;0.00844;0.00848;0.00773;0.46
20/02/2016;0.00790;0.00848;0.00848;0.00790;-6.88
21/02/2016;0.00831;0.00790;0.00840;0.00790;5.27
22/02/2016;0.00831;0.00831;0.00831;0.00765;0.00
23/02/2016;0.00815;0.00831;0.00831;0.00815;-1.93
24/02/2016;0.00785;0.00815;0.00815;0.00785;-3.68
25/02/2016;0.00823;0.00785;0.00823;0.00755;4.89
26/02/2016;0.00823;0.00823;0.00823;0.00798;-0.11
27/02/2016;0.00780;0.00823;0.00823;0.00780;-5.17
28/02/2016;0.00816;0.00780;0.00816;0.00752;4.55
29/02/2016;0.00810;0.00816;0.00816;0.00760;-0.67
01/03/2016;0.00828;0.00810;0.00828;0.00780;2.20
02/03/2016;0.00809;0.00828;0.00828;0.00783;-2.22
03/03/2016;0.00790;0.00809;0.00822;0.00782;-2.37
04/03/2016;0.00794;0.00790;0.00846;0.00790;0.46
05/03/2016;0.00734;0.00794;0.00845;0.00734;-7.51
06/03/2016;0.00755;0.00734;0.00809;0.00716;2.83
07/03/2016;0.00767;0.00755;0.00794;0.00755;1.62
08/03/2016;0.00780;0.00767;0.00796;0.00764;1.67
09/03/2016;0.00810;0.00780;0.00848;0.00765;3.85
10/03/2016;0.00820;0.00810;0.00863;0.00800;1.25
11/03/2016;0.00922;0.00820;0.00969;0.00820;12.40
12/03/2016;0.00814;0.00922;0.00922;0.00810;-11.69
13/03/2016;0.00818;0.00814;0.00889;0.00810;0.52
14/03/2016;0.00830;0.00818;0.00887;0.00810;1.44
15/03/2016;0.00787;0.00830;0.00838;0.00720;-5.18
16/03/2016;0.00819;0.00787;0.00836;0.00787;4.10
17/03/2016;0.00810;0.00819;0.00842;0.00790;-1.14
18/03/2016;0.00828;0.00810;0.00842;0.00790;2.25
19/03/2016;0.00782;0.00828;0.00828;0.00782;-5.58
20/03/2016;0.00778;0.00782;0.00813;0.00778;-0.51
21/03/2016;0.00792;0.00778;0.00813;0.00778;1.80
22/03/2016;0.00792;0.00792;0.00813;0.00790;0.00
23/03/2016;0.00838;0.00792;0.00851;0.00792;5.89
24/03/2016;0.00842;0.00838;0.00845;0.00807;0.48
25/03/2016;0.00821;0.00842;0.00842;0.00800;-2.48
26/03/2016;0.00813;0.00821;0.00821;0.00800;-1.02
27/03/2016;0.00786;0.00813;0.00813;0.00786;-3.26
28/03/2016;0.00733;0.00786;0.00812;0.00715;-6.79
29/03/2016;0.00750;0.00733;0.00785;0.00720;2.33
30/03/2016;0.00710;0.00750;0.00785;0.00690;-5.27
31/03/2016;0.00740;0.00736;0.00758;0.00736;4.08
01/04/2016;0.00750;0.00731;0.00750;0.00707;1.42
02/04/2016;0.00757;0.00750;0.00757;0.00722;0.93
03/04/2016;0.00748;0.00757;0.00759;0.00735;-1.22
04/04/2016;0.00740;0.00748;0.00759;0.00740;-1.04
05/04/2016;0.00730;0.00740;0.00747;0.00730;-1.34
06/04/2016;0.00730;0.00730;0.00740;0.00715;0.00
07/04/2016;0.00683;0.00730;0.00730;0.00671;-6.52
08/04/2016;0.00654;0.00683;0.00687;0.00654;-4.20
09/04/2016;0.00622;0.00654;0.00686;0.00600;-4.88
10/04/2016;0.00610;0.00622;0.00625;0.00568;-1.96
11/04/2016;0.00623;0.00610;0.00649;0.00586;2.13
12/04/2016;0.00599;0.00623;0.00637;0.00570;-3.77
13/04/2016;0.00594;0.00599;0.00599;0.00557;-0.87
14/04/2016;0.00637;0.00594;0.00637;0.00557;7.13
15/04/2016;0.00654;0.00637;0.00654;0.00609;2.78
16/04/2016;0.00655;0.00654;0.00655;0.00650;0.00
17/04/2016;0.00663;0.00655;0.00663;0.00618;1.31
18/04/2016;0.00671;0.00663;0.00720;0.00644;1.15
19/04/2016;0.00704;0.00671;0.00721;0.00671;4.87
20/04/2016;0.00695;0.00704;0.00756;0.00687;-1.24
21/04/2016;0.00730;0.00695;0.00776;0.00695;5.02
22/04/2016;0.00736;0.00730;0.00749;0.00693;0.78
23/04/2016;0.00736;0.00736;0.00747;0.00736;0.00
24/04/2016;0.00722;0.00736;0.00747;0.00704;-1.79
25/04/2016;0.00727;0.00722;0.00743;0.00720;0.68
26/04/2016;0.00693;0.00727;0.00727;0.00693;-4.73
27/04/2016;0.00661;0.00693;0.00700;0.00661;-4.56
28/04/2016;0.00673;0.00661;0.00673;0.00642;1.83
29/04/2016;0.00686;0.00673;0.00686;0.00668;1.83
30/04/2016;0.00688;0.00686;0.00688;0.00658;0.34
01/05/2016;0.00658;0.00688;0.00688;0.00658;-4.33
02/05/2016;0.00669;0.00658;0.00672;0.00647;1.56
03/05/2016;0.00646;0.00669;0.00669;0.00646;-3.45
04/05/2016;0.00626;0.00646;0.00659;0.00616;-2.99
05/05/2016;0.00612;0.00626;0.00626;0.00611;-2.33
06/05/2016;0.00630;0.00612;0.00653;0.00612;3.04
07/05/2016;0.00634;0.00630;0.00653;0.00630;0.67
08/05/2016;0.00630;0.00634;0.00652;0.00630;-0.65
09/05/2016;0.00640;0.00630;0.00641;0.00630;1.54
10/05/2016;0.00630;0.00640;0.00640;0.00621;-1.64
11/05/2016;0.00609;0.00630;0.00630;0.00609;-3.27
12/05/2016;0.00612;0.00609;0.00623;0.00604;0.59
13/05/2016;0.00610;0.00612;0.00620;0.00600;-0.39
14/05/2016;0.00605;0.00591;0.00605;0.00571;-0.85
15/05/2016;0.00609;0.00605;0.00609;0.00582;0.69
16/05/2016;0.00609;0.00609;0.00609;0.00609;0.00
17/05/2016;0.00599;0.00609;0.00610;0.00580;-1.64
18/05/2016;0.00576;0.00599;0.00609;0.00576;-3.79
19/05/2016;0.00618;0.00576;0.00619;0.00576;7.30
20/05/2016;0.00610;0.00618;0.00619;0.00575;-1.46
21/05/2016;0.00595;0.00610;0.00610;0.00572;-2.38
22/05/2016;0.00594;0.00595;0.00595;0.00570;-0.17
23/05/2016;0.00575;0.00594;0.00595;0.00568;-3.18
24/05/2016;0.00580;0.00575;0.00594;0.00575;0.85
25/05/2016;0.00555;0.00580;0.00590;0.00555;-4.31
26/05/2016;0.00570;0.00555;0.00570;0.00543;2.70
27/05/2016;0.00549;0.00570;0.00580;0.00549;-3.68
28/05/2016;0.00485;0.00549;0.00559;0.00485;-11.60
29/05/2016;0.00561;0.00485;0.00620;0.00485;15.66
30/05/2016;0.00580;0.00561;0.00580;0.00541;3.31
31/05/2016;0.00557;0.00580;0.00580;0.00557;-3.95
01/06/2016;0.00579;0.00557;0.00579;0.00550;3.95
02/06/2016;0.00577;0.00579;0.00582;0.00562;-0.28
03/06/2016;0.00585;0.00577;0.00586;0.00565;1.30
04/06/2016;0.00589;0.00585;0.00594;0.00570;0.79
05/06/2016;0.00580;0.00589;0.00589;0.00551;-1.63
06/06/2016;0.00590;0.00580;0.00590;0.00560;1.71
07/06/2016;0.00578;0.00590;0.00590;0.00560;-2.00
08/06/2016;0.00574;0.00578;0.00580;0.00557;-0.73
09/06/2016;0.00567;0.00574;0.00579;0.00567;-1.15
10/06/2016;0.00569;0.00567;0.00573;0.00561;0.32
11/06/2016;0.00569;0.00574;0.00578;0.00569;0.00
12/06/2016;0.00560;0.00569;0.00578;0.00543;-1.60
13/06/2016;0.00581;0.00560;0.00581;0.00547;3.84
14/06/2016;0.00730;0.00581;0.02000;0.00557;25.56
15/06/2016;0.00660;0.00730;0.00800;0.00650;-9.59
16/06/2016;0.00659;0.00660;0.00694;0.00630;-0.20
17/06/2016;0.00665;0.00659;0.00700;0.00625;0.94
18/06/2016;0.00651;0.00665;0.00685;0.00622;-2.14
19/06/2016;0.00724;0.00651;0.00830;0.00635;11.23
20/06/2016;0.00649;0.00724;0.00724;0.00640;-10.33
21/06/2016;0.00580;0.00649;0.00659;0.00580;-10.57
22/06/2016;0.00680;0.00580;0.00999;0.00578;17.16
23/06/2016;0.00630;0.00680;0.00714;0.00609;-7.43
24/06/2016;0.00665;0.00630;0.00672;0.00625;5.64
25/06/2016;0.00648;0.00665;0.00665;0.00631;-2.57
26/06/2016;0.00650;0.00648;0.00658;0.00630;0.32
27/06/2016;0.00630;0.00650;0.00665;0.00630;-3.08
28/06/2016;0.00725;0.00630;0.00750;0.00626;15.02
29/06/2016;0.00696;0.00725;0.00725;0.00638;-3.99
30/06/2016;0.00660;0.00696;0.00696;0.00650;-5.13
01/07/2016;0.00678;0.00660;0.00720;0.00651;2.73
02/07/2016;0.00661;0.00678;0.00714;0.00648;-2.51
03/07/2016;0.00679;0.00661;0.00704;0.00655;2.71
04/07/2016;0.00655;0.00679;0.00692;0.00611;-3.46
05/07/2016;0.00643;0.00655;0.00682;0.00643;-1.86
06/07/2016;0.00652;0.00643;0.00677;0.00632;1.37
07/07/2016;0.00661;0.00652;0.00661;0.00612;1.38
08/07/2016;0.00671;0.00661;0.00671;0.00620;1.45
09/07/2016;0.00655;0.00671;0.00671;0.00616;-2.34
10/07/2016;0.00644;0.00655;0.00658;0.00625;-1.66
11/07/2016;0.00624;0.00644;0.00655;0.00624;-3.11
12/07/2016;0.00650;0.00624;0.00655;0.00620;4.10
13/07/2016;0.00650;0.00650;0.00650;0.00625;0.00
14/07/2016;0.00646;0.00650;0.00650;0.00631;-0.65
15/07/2016;0.00653;0.00646;0.00654;0.00636;1.13
16/07/2016;0.00671;0.00653;0.00683;0.00651;2.69
17/07/2016;0.00673;0.00671;0.00688;0.00648;0.37
18/07/2016;0.00650;0.00673;0.00673;0.00650;-3.45
19/07/2016;0.00644;0.00650;0.00661;0.00642;-0.88
20/07/2016;0.00640;0.00644;0.00654;0.00628;-0.67
21/07/2016;0.00649;0.00640;0.00649;0.00640;1.44
22/07/2016;0.00624;0.00649;0.00653;0.00622;-3.85
23/07/2016;0.00640;0.00624;0.00642;0.00620;2.53
24/07/2016;0.00629;0.00640;0.00650;0.00610;-1.78
25/07/2016;0.00624;0.00629;0.00630;0.00605;-0.68
26/07/2016;0.00580;0.00624;0.00650;0.00575;-7.18
27/07/2016;0.00595;0.00580;0.00611;0.00578;2.71
28/07/2016;0.00601;0.00595;0.00615;0.00580;0.94
29/07/2016;0.00620;0.00601;0.00620;0.00580;3.20
30/07/2016;0.00620;0.00620;0.00620;0.00591;0.00
31/07/2016;0.00600;0.00620;0.00620;0.00580;-3.23
01/08/2016;0.00574;0.00600;0.00600;0.00574;-4.30
02/08/2016;0.00569;0.00574;0.00595;0.00480;-0.82
03/08/2016;0.00562;0.00569;0.00585;0.00509;-1.32
04/08/2016;0.00612;0.00562;0.00645;0.00532;8.84
05/08/2016;0.00590;0.00612;0.00612;0.00575;-3.55
06/08/2016;0.00630;0.00590;0.00688;0.00590;6.78
07/08/2016;0.00620;0.00630;0.00650;0.00605;-1.59
08/08/2016;0.00600;0.00620;0.00641;0.00600;-3.23
09/08/2016;0.00625;0.00600;0.00656;0.00593;4.17
10/08/2016;0.00624;0.00625;0.00650;0.00614;-0.16
11/08/2016;0.00611;0.00624;0.00630;0.00610;-2.15
12/08/2016;0.00605;0.00611;0.00630;0.00604;-0.92
13/08/2016;0.00618;0.00605;0.00623;0.00600;2.15
14/08/2016;0.00594;0.00618;0.00624;0.00500;-3.82
15/08/2016;0.00620;0.00594;0.00620;0.00585;4.31
16/08/2016;0.00615;0.00620;0.00633;0.00581;-0.81
17/08/2016;0.00610;0.00615;0.00621;0.00595;-0.81
18/08/2016;0.00591;0.00610;0.00615;0.00591;-3.16
19/08/2016;0.00606;0.00591;0.00644;0.00591;2.67
20/08/2016;0.00620;0.00606;0.00624;0.00605;2.29
21/08/2016;0.00604;0.00620;0.00620;0.00591;-2.64
22/08/2016;0.00565;0.00604;0.00613;0.00562;-6.42
23/08/2016;0.00575;0.00565;0.00613;0.00565;1.73
24/08/2016;0.00615;0.00575;0.00617;0.00575;6.94
25/08/2016;0.00620;0.00615;0.00625;0.00595;0.83
26/08/2016;0.00591;0.00620;0.00620;0.00590;-4.71
27/08/2016;0.00590;0.00591;0.00609;0.00590;-0.14
28/08/2016;0.00606;0.00590;0.00617;0.00585;2.66
29/08/2016;0.00650;0.00606;0.00650;0.00585;7.31
30/08/2016;0.00600;0.00650;0.00670;0.00590;-7.69
31/08/2016;0.00600;0.00600;0.00610;0.00589;0.00
01/09/2016;0.00595;0.00600;0.00603;0.00590;-0.87
02/09/2016;0.00602;0.00595;0.00605;0.00590;1.26
03/09/2016;0.00603;0.00602;0.00624;0.00585;0.12
04/09/2016;0.00595;0.00603;0.00616;0.00585;-1.38
05/09/2016;0.00593;0.00595;0.00608;0.00585;-0.35
06/09/2016;0.00597;0.00593;0.00605;0.00587;0.66
07/09/2016;0.00588;0.00597;0.00599;0.00586;-1.37
08/09/2016;0.00594;0.00588;0.00610;0.00586;0.97
09/09/2016;0.00603;0.00594;0.00603;0.00585;1.52
10/09/2016;0.00592;0.00603;0.00603;0.00585;-1.87
11/09/2016;0.00582;0.00592;0.00599;0.00581;-1.55
12/09/2016;0.00590;0.00582;0.00610;0.00579;1.27
13/09/2016;0.00592;0.00590;0.00604;0.00582;0.31
14/09/2016;0.00606;0.00592;0.00648;0.00591;2.38
15/09/2016;0.00910;0.00606;0.01150;0.00606;50.21
16/09/2016;0.00720;0.00910;0.00913;0.00677;-20.88
17/09/2016;0.00708;0.00720;0.00747;0.00695;-1.69
18/09/2016;0.00700;0.00708;0.00708;0.00673;-1.12
19/09/2016;0.00696;0.00700;0.00746;0.00674;-0.59
20/09/2016;0.00683;0.00696;0.00696;0.00670;-1.91
21/09/2016;0.00680;0.00683;0.00715;0.00664;-0.29
22/09/2016;0.00685;0.00680;0.00706;0.00676;0.63
23/09/2016;0.00740;0.00685;0.00745;0.00674;8.06
24/09/2016;0.00750;0.00740;0.00750;0.00722;1.35
25/09/2016;0.00817;0.00750;0.00818;0.00720;8.88
26/09/2016;0.00770;0.00817;0.00890;0.00769;-5.71
27/09/2016;0.00840;0.00770;0.00854;0.00765;9.16
28/09/2016;0.00867;0.00840;0.00926;0.00820;3.13
29/09/2016;0.00910;0.00867;0.00936;0.00867;4.95
30/09/2016;0.00860;0.00910;0.00950;0.00856;-5.46
01/10/2016;0.00798;0.00860;0.00886;0.00788;-7.19
02/10/2016;0.00795;0.00798;0.00840;0.00795;-0.40
03/10/2016;0.00817;0.00795;0.00840;0.00795;2.75
04/10/2016;0.00780;0.00817;0.00818;0.00780;-4.52
05/10/2016;0.00726;0.00780;0.00801;0.00726;-6.97
06/10/2016;0.00750;0.00726;0.00765;0.00709;3.31
07/10/2016;0.00737;0.00750;0.00780;0.00725;-1.73
08/10/2016;0.00745;0.00737;0.00745;0.00715;1.09
09/10/2016;0.00745;0.00745;0.00780;0.00733;0.00
10/10/2016;0.00806;0.00745;0.00900;0.00745;8.24
11/10/2016;0.00781;0.00806;0.00859;0.00764;-3.10
12/10/2016;0.00792;0.00781;0.00823;0.00769;1.37
13/10/2016;0.00798;0.00792;0.00798;0.00764;0.76
14/10/2016;0.00812;0.00798;0.00832;0.00784;1.74
15/10/2016;0.00800;0.00812;0.00840;0.00800;-1.49
16/10/2016;0.00803;0.00800;0.00818;0.00796;0.39
17/10/2016;0.00808;0.00803;0.00833;0.00790;0.62
18/10/2016;0.00840;0.00808;0.00844;0.00800;3.96
19/10/2016;0.00857;0.00840;0.00879;0.00835;2.04
20/10/2016;0.00920;0.00857;0.00935;0.00857;7.34
21/10/2016;0.00910;0.00920;0.00930;0.00866;-1.11
22/10/2016;0.00888;0.00910;0.00910;0.00876;-2.40
23/10/2016;0.00890;0.00888;0.00915;0.00879;0.26
24/10/2016;0.00886;0.00890;0.00949;0.00886;-0.48
25/10/2016;0.00890;0.00886;0.00921;0.00880;0.47
26/10/2016;0.00877;0.00890;0.00899;0.00865;-1.44
27/10/2016;0.00829;0.00877;0.00878;0.00806;-5.52
28/10/2016;0.00780;0.00829;0.00850;0.00771;-5.91
29/10/2016;0.00773;0.00780;0.00809;0.00725;-0.87
30/10/2016;0.00802;0.00773;0.00844;0.00759;3.76
31/10/2016;0.00798;0.00802;0.00841;0.00790;-0.55
01/11/2016;0.00803;0.00798;0.00840;0.00784;0.61
02/11/2016;0.00823;0.00803;0.00836;0.00791;2.45
03/11/2016;0.00814;0.00823;0.00844;0.00800;-0.97
04/11/2016;0.00820;0.00814;0.00829;0.00808;0.68
05/11/2016;0.00821;0.00820;0.00832;0.00815;0.12
06/11/2016;0.00807;0.00821;0.00835;0.00807;-1.71
07/11/2016;0.00826;0.00807;0.00830;0.00801;2.35
08/11/2016;0.00826;0.00826;0.00848;0.00802;0.00
09/11/2016;0.00818;0.00826;0.00835;0.00775;-1.02
10/11/2016;0.00815;0.00818;0.00827;0.00805;-0.32
11/11/2016;0.00802;0.00815;0.00819;0.00787;-1.62
12/11/2016;0.00811;0.00802;0.00827;0.00798;1.10
13/11/2016;0.00803;0.00811;0.00815;0.00790;-1.00
14/11/2016;0.00808;0.00803;0.00815;0.00792;0.64
15/11/2016;0.00771;0.00790;0.00801;0.00771;-4.57
16/11/2016;0.00770;0.00771;0.00815;0.00760;-0.13
17/11/2016;0.00781;0.00770;0.00790;0.00760;1.42
18/11/2016;0.00780;0.00781;0.00781;0.00760;-0.12
19/11/2016;0.00769;0.00780;0.00780;0.00760;-1.42
20/11/2016;0.00765;0.00769;0.00769;0.00730;-0.51
21/11/2016;0.00740;0.00765;0.00766;0.00740;-3.27
22/11/2016;0.00738;0.00740;0.00757;0.00720;-0.30
23/11/2016;0.00704;0.00738;0.00740;0.00686;-4.51
24/11/2016;0.00687;0.00704;0.00714;0.00675;-2.48
25/11/2016;0.00682;0.00687;0.00697;0.00677;-0.74
26/11/2016;0.00697;0.00682;0.00697;0.00675;2.23
27/11/2016;0.00685;0.00697;0.00704;0.00678;-1.81
28/11/2016;0.00676;0.00685;0.00704;0.00676;-1.23
29/11/2016;0.00672;0.00676;0.00687;0.00672;-0.61
30/11/2016;0.00679;0.00672;0.00686;0.00651;1.12
01/12/2016;0.00660;0.00679;0.00704;0.00654;-2.81
02/12/2016;0.00656;0.00660;0.00670;0.00644;-0.70
03/12/2016;0.00666;0.00656;0.00669;0.00653;1.49
04/12/2016;0.00642;0.00666;0.00666;0.00642;-3.50
05/12/2016;0.00630;0.00642;0.00657;0.00630;-1.85
06/12/2016;0.00670;0.00630;0.00670;0.00630;6.28
07/12/2016;0.00700;0.00670;0.00710;0.00645;4.48
08/12/2016;0.00700;0.00700;0.00729;0.00681;0.00
09/12/2016;0.00693;0.00700;0.00724;0.00680;-0.93
10/12/2016;0.00674;0.00693;0.00695;0.00666;-2.73
11/12/2016;0.00677;0.00674;0.00679;0.00660;0.36
12/12/2016;0.00670;0.00677;0.00681;0.00670;-0.98
13/12/2016;0.00669;0.00670;0.00682;0.00656;-0.16
14/12/2016;0.00679;0.00669;0.00683;0.00656;1.48
15/12/2016;0.00663;0.00679;0.00679;0.00654;-2.27
16/12/2016;0.00669;0.00663;0.00685;0.00649;0.90
17/12/2016;0.00649;0.00669;0.00669;0.00645;-3.05
18/12/2016;0.00650;0.00649;0.00666;0.00645;0.15
19/12/2016;0.00645;0.00650;0.00662;0.00645;-0.77
20/12/2016;0.00654;0.00645;0.00661;0.00638;1.36
21/12/2016;0.00656;0.00654;0.00658;0.00627;0.32
22/12/2016;0.00638;0.00656;0.00656;0.00610;-2.79
23/12/2016;0.00609;0.00638;0.00655;0.00596;-4.55
24/12/2016;0.00644;0.00609;0.00646;0.00603;5.78
25/12/2016;0.00631;0.00644;0.00655;0.00631;-1.99
26/12/2016;0.00625;0.00631;0.00662;0.00614;-0.95
27/12/2016;0.00613;0.00625;0.00644;0.00605;-1.84
28/12/2016;0.00624;0.00613;0.00630;0.00610;1.76
29/12/2016;0.00647;0.00624;0.00686;0.00617;3.70
30/12/2016;0.00642;0.00647;0.00660;0.00634;-0.91
31/12/2016;0.00651;0.00642;0.00674;0.00621;1.50
01/01/2017;0.00635;0.00651;0.00660;0.00626;-2.53
02/01/2017;0.00631;0.00635;0.00642;0.00621;-0.54
03/01/2017;0.00641;0.00631;0.00657;0.00622;1.57
04/01/2017;0.00641;0.00641;0.00684;0.00637;0.00
05/01/2017;0.00628;0.00641;0.00689;0.00565;-2.09
06/01/2017;0.00622;0.00628;0.00650;0.00599;-0.86
07/01/2017;0.00636;0.00622;0.00646;0.00605;2.27
08/01/2017;0.00625;0.00636;0.00646;0.00624;-1.76
09/01/2017;0.00618;0.00625;0.00634;0.00612;-1.20
10/01/2017;0.00681;0.00618;0.00714;0.00618;10.35
11/01/2017;0.00654;0.00681;0.00690;0.00625;-3.99
12/01/2017;0.00636;0.00654;0.00709;0.00630;-2.81
13/01/2017;0.00667;0.00636;0.00671;0.00630;4.87
14/01/2017;0.00679;0.00667;0.00700;0.00659;1.89
15/01/2017;0.00681;0.00679;0.00691;0.00670;0.22
16/01/2017;0.00678;0.00681;0.00689;0.00670;-0.44
17/01/2017;0.00683;0.00710;0.00710;0.00668;0.74
18/01/2017;0.00680;0.00683;0.00719;0.00664;-0.44
19/01/2017;0.00684;0.00680;0.00688;0.00650;0.59
20/01/2017;0.00660;0.00684;0.00685;0.00640;-3.51
21/01/2017;0.00684;0.00660;0.00684;0.00652;3.64
22/01/2017;0.00678;0.00684;0.00683;0.00669;-0.88
23/01/2017;0.00669;0.00678;0.00682;0.00659;-1.33
24/01/2017;0.00650;0.00669;0.00674;0.00650;-2.84
25/01/2017;0.00649;0.00650;0.00650;0.00643;-0.15
26/01/2017;0.00630;0.00649;0.00676;0.00616;-2.93
27/01/2017;0.00636;0.00630;0.00650;0.00300;0.95
28/01/2017;0.00639;0.00636;0.00640;0.00630;0.47
29/01/2017;0.00631;0.00639;0.00637;0.00631;-1.25
30/01/2017;0.00645;0.00631;0.00650;0.00635;2.22
31/01/2017;0.00641;0.00645;0.00650;0.00618;-0.62
01/02/2017;0.00649;0.00641;0.00660;0.00623;1.25
02/02/2017;0.00640;0.00649;0.00661;0.00640;-1.39
03/02/2017;0.00638;0.00640;0.00649;0.00624;-0.31
04/02/2017;0.00644;0.00638;0.00647;0.00635;0.94
05/02/2017;0.00629;0.00644;0.00648;0.00628;-2.33
06/02/2017;0.00638;0.00629;0.00644;0.00627;1.43
07/02/2017;0.00641;0.00638;0.00647;0.00626;0.47
08/02/2017;0.00635;0.00641;0.00648;0.00608;-0.94
09/02/2017;0.00628;0.00635;0.00643;0.00609;-1.10
10/02/2017;0.00631;0.00628;0.00635;0.00595;0.48
11/02/2017;0.00638;0.00631;0.00640;0.00627;1.11
12/02/2017;0.00627;0.00638;0.00640;0.00627;-1.72
13/02/2017;0.00624;0.00627;0.00635;0.00620;-0.48
14/02/2017;0.00622;0.00624;0.00638;0.00621;-0.32
15/02/2017;0.00610;0.00622;0.00627;0.00580;-1.93
16/02/2017;0.00593;0.00610;0.00636;0.00500;-2.79
17/02/2017;0.00587;0.00593;0.00611;0.00546;-1.01
18/02/2017;0.00554;0.00587;0.00600;0.00500;-5.62
19/02/2017;0.00591;0.00554;0.00591;0.00551;6.68
20/02/2017;0.00596;0.00591;0.00597;0.00566;0.85
21/02/2017;0.00585;0.00596;0.00596;0.00571;-1.85
22/02/2017;0.00583;0.00585;0.00595;0.00581;-0.34
23/02/2017;0.00585;0.00583;0.00594;0.00574;0.34
24/02/2017;0.00560;0.00585;0.00595;0.00550;-4.27
25/02/2017;0.00563;0.00560;0.00583;0.00560;0.54
26/02/2017;0.00570;0.00563;0.00570;0.00562;1.24
27/02/2017;0.00556;0.00570;0.00570;0.00556;-2.46
28/02/2017;0.00557;0.00556;0.00570;0.00531;0.18
01/03/2017;0.00539;0.00557;0.00558;0.00525;-3.23
02/03/2017;0.00606;0.00539;0.00635;0.00531;12.43
03/03/2017;0.00649;0.00606;0.00651;0.00592;7.10
04/03/2017;0.00620;0.00649;0.00668;0.00620;-4.47
05/03/2017;0.00604;0.00620;0.00630;0.00601;-2.58
06/03/2017;0.00604;0.00604;0.00618;0.00599;0.00
07/03/2017;0.00673;0.00604;0.00687;0.00589;11.42
08/03/2017;0.00650;0.00673;0.00692;0.00644;-3.42
09/03/2017;0.00648;0.00650;0.00660;0.00632;-0.31
10/03/2017;0.00617;0.00648;0.00669;0.00580;-4.78
11/03/2017;0.00625;0.00617;0.00642;0.00606;1.30
12/03/2017;0.00632;0.00625;0.00634;0.00602;1.12
13/03/2017;0.00644;0.00632;0.00648;0.00615;1.90
14/03/2017;0.00639;0.00644;0.00644;0.00626;-0.78
15/03/2017;0.00625;0.00639;0.00642;0.00625;-2.19
16/03/2017;0.00630;0.00625;0.00636;0.00601;0.80
17/03/2017;0.00597;0.00630;0.00634;0.00576;-5.24
18/03/2017;0.00688;0.00597;0.00731;0.00597;15.24
19/03/2017;0.00669;0.00688;0.00720;0.00642;-2.76
20/03/2017;0.00690;0.00669;0.00705;0.00645;3.14
21/03/2017;0.00682;0.00690;0.00705;0.00663;-1.16
22/03/2017;0.00719;0.00682;0.00758;0.00679;5.43
23/03/2017;0.01100;0.00719;0.01100;0.00719;52.99
24/03/2017;0.01062;0.01100;0.01182;0.00815;-3.45
25/03/2017;0.00888;0.01062;0.01084;0.00879;-16.38
26/03/2017;0.00937;0.00888;0.00982;0.00888;5.52
27/03/2017;0.00943;0.00937;0.01025;0.00900;0.64
28/03/2017;0.00955;0.00943;0.00965;0.00906;1.27
29/03/2017;0.01015;0.00955;0.01015;0.00946;6.28
30/03/2017;0.01383;0.01015;0.01470;0.01015;36.26
31/03/2017;0.02140;0.01383;0.02254;0.01315;54.74
01/04/2017;0.02200;0.02140;0.02323;0.01968;2.80
02/04/2017;0.06150;0.02200;0.06950;0.00750;179.55
03/04/2017;0.03201;0.06150;0.06200;0.02500;-47.95
04/04/2017;0.03787;0.03201;0.04290;0.02690;18.31
05/04/2017;0.03559;0.03787;0.04108;0.03500;-6.02
06/04/2017;0.03320;0.03559;0.03728;0.02900;-6.72
07/04/2017;0.03715;0.03320;0.03873;0.03086;11.90
08/04/2017;0.03575;0.03715;0.03780;0.03515;-3.77
09/04/2017;0.03421;0.03575;0.03578;0.03251;-4.31
10/04/2017;0.03404;0.03421;0.03590;0.03320;-0.50
11/04/2017;0.03316;0.03404;0.03513;0.03200;-2.59
12/04/2017;0.03455;0.03316;0.03560;0.03220;4.19
13/04/2017;0.03422;0.03455;0.03562;0.03370;-0.96
14/04/2017;0.03348;0.03422;0.03525;0.03300;-2.16
15/04/2017;0.03381;0.03348;0.03451;0.03315;0.99
16/04/2017;0.03306;0.03381;0.03395;0.03251;-2.22
17/04/2017;0.03333;0.03306;0.03386;0.03246;0.82
18/04/2017;0.03281;0.03333;0.03419;0.03220;-1.56
19/04/2017;0.03035;0.03281;0.03319;0.02816;-7.50
20/04/2017;0.02999;0.03035;0.03104;0.02643;-1.19
21/04/2017;0.03355;0.02999;0.03470;0.02945;11.87
22/04/2017;0.03160;0.03355;0.03401;0.03033;-5.81
23/04/2017;0.03141;0.03160;0.03214;0.03102;-0.60
24/04/2017;0.03151;0.03141;0.03200;0.03090;0.32
25/04/2017;0.03224;0.03151;0.03421;0.03108;2.32
26/04/2017;0.03275;0.03224;0.03392;0.03224;1.58
27/04/2017;0.03523;0.03275;0.03680;0.03225;7.57
28/04/2017;0.04500;0.03523;0.04612;0.03487;27.73
29/04/2017;0.05383;0.04500;0.05952;0.04499;19.62
30/04/2017;0.05218;0.05383;0.05499;0.04902;-3.07
01/05/2017;0.05383;0.05218;0.05811;0.04903;3.16
02/05/2017;0.05382;0.05383;0.05527;0.05050;-0.02
03/05/2017;0.06108;0.05382;0.06199;0.05245;13.49
04/05/2017;0.08000;0.06108;0.08793;0.06000;30.98
05/05/2017;0.09139;0.08000;0.10500;0.07776;14.24
06/05/2017;0.10010;0.09139;0.10390;0.09029;9.53
07/05/2017;0.13910;0.10010;0.15500;0.09725;38.96
08/05/2017;0.19170;0.13910;0.22400;0.11210;37.81
09/05/2017;0.15640;0.19170;0.20700;0.11200;-18.41
10/05/2017;0.18700;0.15640;0.19790;0.15100;19.57
11/05/2017;0.18370;0.18700;0.19730;0.16180;-1.76
12/05/2017;0.20690;0.18370;0.21000;0.18060;12.63
13/05/2017;0.21020;0.20690;0.22200;0.19510;1.59
14/05/2017;0.21710;0.21020;0.22000;0.20760;3.28
15/05/2017;0.26310;0.21710;0.26310;0.21560;21.19
16/05/2017;0.32500;0.26310;0.33470;0.25000;23.53
17/05/2017;0.37500;0.32500;0.39890;0.28500;15.38
18/05/2017;0.35750;0.37500;0.39250;0.30400;-4.67
19/05/2017;0.32240;0.35750;0.35940;0.28170;-9.82
20/05/2017;0.34490;0.32240;0.35900;0.28900;6.98
21/05/2017;0.32400;0.34490;0.36000;0.31900;-6.06
22/05/2017;0.29880;0.32400;0.33080;0.23480;-7.78
23/05/2017;0.32290;0.29880;0.35420;0.28270;8.07
24/05/2017;0.29000;0.32290;0.34000;0.28600;-10.19
25/05/2017;0.24000;0.29000;0.30270;0.23100;-17.24
26/05/2017;0.27600;0.24000;0.32820;0.24000;15.00
27/05/2017;0.21000;0.27600;0.28700;0.13500;-23.91
28/05/2017;0.22810;0.21000;0.24890;0.20330;8.62
29/05/2017;0.23240;0.22810;0.24620;0.21020;1.89
30/05/2017;0.20420;0.23240;0.23880;0.18680;-12.13
31/05/2017;0.24750;0.20420;0.25100;0.19310;21.20
01/06/2017;0.33640;0.24750;0.34000;0.24560;35.92
02/06/2017;0.29590;0.33640;0.33720;0.27590;-12.04
03/06/2017;0.29210;0.29590;0.30700;0.27110;-1.28
04/06/2017;0.29410;0.29210;0.31000;0.27100;0.68
05/06/2017;0.28880;0.29410;0.29790;0.28690;-1.80
06/06/2017;0.28400;0.28880;0.29500;0.27400;-1.66
07/06/2017;0.27620;0.28400;0.30000;0.27170;-2.75
08/06/2017;0.28690;0.27620;0.29730;0.27000;3.87
09/06/2017;0.28140;0.28690;0.29600;0.28000;-1.92
10/06/2017;0.25980;0.28140;0.28480;0.25550;-7.68
11/06/2017;0.27010;0.25980;0.28000;0.25430;3.96
12/06/2017;0.24670;0.27010;0.28200;0.23250;-8.66
13/06/2017;0.26260;0.24670;0.27500;0.24540;6.45
14/06/2017;0.26230;0.26260;0.30000;0.24500;-0.11
15/06/2017;0.24500;0.26230;0.26420;0.21400;-6.60
16/06/2017;0.25060;0.24500;0.25700;0.23250;2.29
17/06/2017;0.25970;0.25060;0.26500;0.23570;3.63
18/06/2017;0.26510;0.25970;0.27800;0.24700;2.08
19/06/2017;0.28100;0.26510;0.28200;0.25880;6.00
20/06/2017;0.30800;0.28100;0.32500;0.27420;9.61
21/06/2017;0.27260;0.30800;0.31260;0.25420;-11.49
22/06/2017;0.27790;0.27260;0.28160;0.25130;1.94
23/06/2017;0.29160;0.27790;0.29500;0.27670;4.93
24/06/2017;0.27750;0.29160;0.30390;0.25640;-4.84
25/06/2017;0.25770;0.27750;0.28160;0.24850;-7.14
26/06/2017;0.24610;0.25770;0.26720;0.21840;-4.50
27/06/2017;0.26180;0.24610;0.26180;0.22610;6.38
28/06/2017;0.26860;0.26180;0.26870;0.24870;2.60
29/06/2017;0.25610;0.26860;0.26930;0.25130;-4.65
30/06/2017;0.24660;0.25610;0.25960;0.24500;-3.71
01/07/2017;0.23860;0.24660;0.25180;0.23370;-3.24
02/07/2017;0.25370;0.23860;0.25470;0.23300;6.33
03/07/2017;0.25230;0.25370;0.25670;0.24450;-0.55
04/07/2017;0.24730;0.25230;0.25810;0.24710;-1.98
05/07/2017;0.25200;0.24730;0.25630;0.24340;1.90
06/07/2017;0.25060;0.25200;0.25280;0.24820;-0.56
07/07/2017;0.23030;0.25060;0.25160;0.22980;-8.10
08/07/2017;0.23000;0.23030;0.23210;0.21120;-0.13
09/07/2017;0.22610;0.23000;0.24220;0.22590;-1.70
10/07/2017;0.18830;0.22610;0.22690;0.17070;-16.72
11/07/2017;0.17780;0.18830;0.19940;0.15110;-5.58
12/07/2017;0.19580;0.17780;0.19710;0.16560;10.12
13/07/2017;0.19250;0.19580;0.21780;0.18100;-1.69
14/07/2017;0.18430;0.19250;0.19250;0.17170;-4.26
15/07/2017;0.17200;0.18430;0.18480;0.17070;-6.67
16/07/2017;0.14610;0.17200;0.17430;0.12750;-15.06
17/07/2017;0.17230;0.14610;0.17320;0.14510;17.93
18/07/2017;0.17880;0.17230;0.18900;0.16050;3.77
19/07/2017;0.16300;0.17880;0.18380;0.15740;-8.84
20/07/2017;0.19250;0.16300;0.19620;0.16200;18.10
21/07/2017;0.18350;0.19250;0.19360;0.18280;-4.68
22/07/2017;0.19770;0.18350;0.20220;0.18200;7.74
23/07/2017;0.19660;0.19770;0.20650;0.18730;-0.56
24/07/2017;0.19150;0.19660;0.19840;0.18930;-2.59
25/07/2017;0.17440;0.19150;0.19260;0.16580;-8.93
26/07/2017;0.17230;0.17440;0.17870;0.16420;-1.20
27/07/2017;0.17250;0.17230;0.17560;0.17000;0.12
28/07/2017;0.16330;0.17250;0.17380;0.15910;-5.33
29/07/2017;0.16900;0.16330;0.17040;0.15500;3.49
30/07/2017;0.16330;0.16900;0.17090;0.16090;-3.37
31/07/2017;0.16480;0.16330;0.16890;0.15850;0.92
01/08/2017;0.17760;0.16480;0.18470;0.16200;7.77
02/08/2017;0.17090;0.17760;0.17940;0.16760;-3.77
03/08/2017;0.17480;0.17090;0.17710;0.16960;2.28
04/08/2017;0.17440;0.17480;0.17670;0.17170;-0.23
05/08/2017;0.18480;0.17440;0.19280;0.17190;5.96
06/08/2017;0.18020;0.18480;0.18960;0.17860;-2.49
07/08/2017;0.17820;0.18020;0.18280;0.17660;-1.11
08/08/2017;0.19670;0.17820;0.19720;0.17720;10.38
09/08/2017;0.18410;0.19670;0.19670;0.18180;-6.41
10/08/2017;0.18090;0.18410;0.18500;0.17840;-1.74
11/08/2017;0.17780;0.18090;0.18400;0.17580;-1.71
12/08/2017;0.17160;0.17780;0.18250;0.17070;-3.49
13/08/2017;0.16570;0.17160;0.17210;0.15870;-3.44
14/08/2017;0.16830;0.16570;0.18010;0.16520;1.57
15/08/2017;0.15770;0.16830;0.16830;0.15300;-6.30
16/08/2017;0.16030;0.15770;0.16060;0.14890;1.65
17/08/2017;0.15780;0.16030;0.16100;0.15400;-1.56
18/08/2017;0.15690;0.15780;0.17040;0.15180;-0.57
19/08/2017;0.15260;0.15690;0.16160;0.14830;-2.74
20/08/2017;0.15870;0.15260;0.16110;0.14940;4.00
21/08/2017;0.19580;0.15870;0.20810;0.15230;23.38
22/08/2017;0.24210;0.19580;0.25980;0.17150;23.65
23/08/2017;0.24570;0.24210;0.29770;0.21690;1.49
24/08/2017;0.21730;0.24570;0.28620;0.21240;-11.56
25/08/2017;0.21670;0.21730;0.23090;0.20290;-0.28
26/08/2017;0.20970;0.21670;0.23080;0.20690;-3.23
27/08/2017;0.20170;0.20970;0.21040;0.19300;-3.81
28/08/2017;0.22520;0.20170;0.24200;0.19470;11.65
29/08/2017;0.21990;0.22520;0.22620;0.21250;-2.35
30/08/2017;0.23190;0.21990;0.23320;0.21750;5.46
31/08/2017;0.25930;0.23190;0.26480;0.22750;11.82
01/09/2017;0.25290;0.25930;0.26040;0.24440;-2.47
02/09/2017;0.22520;0.25290;0.25380;0.21850;-10.95
03/09/2017;0.23030;0.22520;0.23810;0.21680;2.26
04/09/2017;0.20450;0.23030;0.23060;0.19010;-11.20
05/09/2017;0.21680;0.20450;0.22040;0.19170;6.01
06/09/2017;0.23140;0.21680;0.23290;0.21620;6.73
07/09/2017;0.22710;0.23140;0.23180;0.22160;-1.86
08/09/2017;0.21220;0.22710;0.22950;0.20260;-6.56
09/09/2017;0.21300;0.21220;0.21450;0.20750;0.38
10/09/2017;0.21730;0.21300;0.22430;0.19930;2.02
11/09/2017;0.21430;0.21730;0.22160;0.20870;-1.38
12/09/2017;0.20950;0.21430;0.22420;0.20600;-2.24
13/09/2017;0.19830;0.20950;0.20990;0.19040;-5.35
14/09/2017;0.17110;0.19830;0.20070;0.16630;-13.72
15/09/2017;0.18460;0.17110;0.19170;0.14830;7.89
16/09/2017;0.18280;0.18460;0.19180;0.17410;-0.98
17/09/2017;0.18140;0.18280;0.18460;0.17170;-0.77
18/09/2017;0.19330;0.18140;0.19460;0.18140;6.56
19/09/2017;0.18480;0.19330;0.19450;0.18310;-4.40
20/09/2017;0.18170;0.18480;0.18860;0.18080;-1.68
21/09/2017;0.17100;0.18170;0.18310;0.17030;-5.89
22/09/2017;0.17280;0.17100;0.17700;0.16750;1.05
23/09/2017;0.17910;0.17280;0.18030;0.17010;3.65
24/09/2017;0.17570;0.17910;0.17990;0.17330;-1.90
25/09/2017;0.18460;0.17570;0.18690;0.17480;5.07
26/09/2017;0.18920;0.18460;0.19400;0.18090;2.49
27/09/2017;0.20990;0.18920;0.21460;0.18740;10.94
28/09/2017;0.20230;0.20990;0.21020;0.19680;-3.62
29/09/2017;0.19670;0.20230;0.20250;0.18800;-2.77
30/09/2017;0.19990;0.19670;0.20510;0.19550;1.63
01/10/2017;0.20830;0.19990;0.20850;0.19650;4.20
02/10/2017;0.20310;0.20830;0.20920;0.20010;-2.50
03/10/2017;0.20330;0.20310;0.20620;0.19800;0.10
04/10/2017;0.21350;0.20330;0.21700;0.20120;5.02
05/10/2017;0.23800;0.21350;0.24420;0.21340;11.48
06/10/2017;0.23340;0.23800;0.24440;0.23320;-1.93
07/10/2017;0.23970;0.23340;0.24110;0.23240;2.70
08/10/2017;0.27990;0.23970;0.28110;0.23850;16.77
09/10/2017;0.25010;0.27990;0.28020;0.23400;-10.65
10/10/2017;0.25820;0.25010;0.26660;0.24060;3.24
11/10/2017;0.26320;0.25820;0.26560;0.25530;1.94
12/10/2017;0.24640;0.26320;0.26520;0.24610;-6.38
13/10/2017;0.26020;0.24640;0.26510;0.23300;5.60
14/10/2017;0.25560;0.26020;0.26850;0.25420;-1.77
15/10/2017;0.26520;0.25560;0.26910;0.24820;3.76
16/10/2017;0.25790;0.26520;0.29770;0.25230;-2.75
17/10/2017;0.22950;0.25790;0.26540;0.21400;-11.01
18/10/2017;0.21700;0.22950;0.23440;0.20160;-5.45
19/10/2017;0.21390;0.21700;0.23200;0.20640;-1.43
20/10/2017;0.20820;0.21410;0.22340;0.20560;-2.66
21/10/2017;0.20970;0.20810;0.21070;0.19710;0.72
22/10/2017;0.20140;0.20970;0.21140;0.19540;-3.96
23/10/2017;0.19170;0.20150;0.20200;0.18450;-4.82
24/10/2017;0.20380;0.19170;0.21690;0.18300;6.31
25/10/2017;0.20230;0.20380;0.20470;0.19610;-0.74
26/10/2017;0.20190;0.20230;0.20460;0.19990;-0.20
27/10/2017;0.20010;0.20190;0.20270;0.19800;-0.89
28/10/2017;0.19820;0.20010;0.20080;0.19740;-0.95
29/10/2017;0.20150;0.19810;0.20530;0.19660;1.66
30/10/2017;0.20240;0.20150;0.20440;0.20010;0.45
31/10/2017;0.19750;0.20240;0.20340;0.19750;-2.42
01/11/2017;0.19030;0.19750;0.20060;0.18960;-3.65
02/11/2017;0.20030;0.19100;0.20650;0.17550;5.25
03/11/2017;0.20590;0.20030;0.22630;0.19610;2.80
04/11/2017;0.20150;0.20590;0.20610;0.20010;-2.14
05/11/2017;0.19970;0.20140;0.20330;0.19840;-0.89
06/11/2017;0.20130;0.19970;0.20670;0.19810;0.80
07/11/2017;0.20550;0.20130;0.20650;0.19930;2.09
08/11/2017;0.21670;0.20550;0.22350;0.20310;5.45
09/11/2017;0.21540;0.21670;0.22180;0.21260;-0.60
10/11/2017;0.20330;0.21540;0.21850;0.19880;-5.62
11/11/2017;0.20920;0.20330;0.21470;0.20160;2.90
12/11/2017;0.19150;0.20920;0.20940;0.18610;-8.46
13/11/2017;0.20010;0.19150;0.20010;0.19060;4.49
14/11/2017;0.20500;0.20010;0.21030;0.19950;2.45
15/11/2017;0.20830;0.20500;0.21010;0.20370;1.61
16/11/2017;0.22690;0.20830;0.28090;0.20580;8.93
17/11/2017;0.22390;0.22700;0.23760;0.21740;-1.32
18/11/2017;0.22750;0.22390;0.22930;0.21910;1.61
19/11/2017;0.23210;0.22750;0.23700;0.22310;2.02
20/11/2017;0.24060;0.23220;0.24620;0.23150;3.66
21/11/2017;0.23180;0.24090;0.24440;0.22920;-3.66
22/11/2017;0.23850;0.23210;0.24170;0.23170;2.89
23/11/2017;0.24000;0.23850;0.25030;0.23570;0.63
24/11/2017;0.24100;0.24000;0.24430;0.23120;0.42
25/11/2017;0.24880;0.24100;0.25310;0.23940;3.24
26/11/2017;0.24500;0.24890;0.24920;0.24120;-1.53
27/11/2017;0.24700;0.24450;0.24970;0.24030;0.82
28/11/2017;0.27950;0.24700;0.28060;0.24670;13.16
29/11/2017;0.23530;0.27960;0.27970;0.21280;-15.81
30/11/2017;0.23560;0.23560;0.24680;0.22000;0.13
01/12/2017;0.24730;0.23690;0.25110;0.22590;4.97
02/12/2017;0.24410;0.24730;0.24940;0.24030;-1.29
03/12/2017;0.24490;0.24410;0.25860;0.23540;0.33
04/12/2017;0.24620;0.24490;0.24860;0.23540;0.53
05/12/2017;0.23370;0.24620;0.24690;0.23050;-5.08
06/12/2017;0.21820;0.23370;0.23400;0.20990;-6.63
07/12/2017;0.20350;0.21820;0.21970;0.20090;-6.74
08/12/2017;0.23370;0.20370;0.25300;0.20050;14.84
09/12/2017;0.23530;0.23370;0.24460;0.22950;0.68
10/12/2017;0.22710;0.23530;0.23660;0.22230;-3.48
11/12/2017;0.24510;0.22710;0.24700;0.22700;7.93
12/12/2017;0.35550;0.24510;0.43690;0.24420;45.04
13/12/2017;0.45840;0.35550;0.50060;0.33880;28.95
14/12/2017;0.85070;0.45820;0.88090;0.45270;85.58
15/12/2017;0.73770;0.85070;0.85230;0.61830;-13.28
16/12/2017;0.73970;0.73750;0.81220;0.71770;0.27
17/12/2017;0.71140;0.73970;0.75240;0.70160;-3.83
18/12/2017;0.75580;0.71180;0.79120;0.66510;6.24
19/12/2017;0.73440;0.75580;0.84020;0.70190;-2.83
20/12/2017;0.71440;0.73440;0.74260;0.65680;-2.72
21/12/2017;112.000;0.71440;113.000;0.71280;56.77
22/12/2017;100.000;112.000;124.000;0.62030;-10.71
23/12/2017;101.000;100.000;107.000;0.92630;1.00
24/12/2017;0.97820;101.000;101.000;0.82530;-3.15
25/12/2017;0.98050;0.97820;102.000;0.92360;0.24
26/12/2017;107.000;0.98050;109.000;0.97120;9.13
27/12/2017;121.000;107.000;128.000;107.000;13.08
28/12/2017;126.000;121.000;131.000;110.000;4.13
29/12/2017;193.000;126.000;197.000;125.000;53.17
30/12/2017;186.000;193.000;244.000;177.000;-3.63
31/12/2017;198.000;186.000;209.000;161.000;6.45
01/01/2018;205.000;198.000;209.000;181.000;3.54
02/01/2018;219.000;205.000;221.000;189.000;6.83
03/01/2018;273.000;219.000;285.000;215.000;24.66
04/01/2018;273.000;273.000;329.000;258.000;0.00
05/01/2018;251.000;273.000;305.000;224.000;-8.06
06/01/2018;265.000;251.000;285.000;246.000;5.58
07/01/2018;278.000;265.000;282.000;258.000;4.91
08/01/2018;241.000;278.000;278.000;193.000;-13.31
09/01/2018;212.190;226.936;228.746;198.827;-11.95
10/01/2018;199.901;212.190;218.220;168.170;-5.79
11/01/2018;194.728;200.062;219.216;164.395;-2.59
12/01/2018;202.243;194.897;212.478;185.842;3.86
13/01/2018;204.008;202.184;211.762;198.810;0.87
14/01/2018;188.429;203.990;204.136;182.547;-7.64
15/01/2018;170.757;188.429;192.504;167.782;-9.38
16/01/2018;119.846;170.878;173.382;0.90028;-29.81
17/01/2018;134.068;119.790;142.809;0.88529;11.87
18/01/2018;160.697;134.073;175.914;125.973;19.86
19/01/2018;157.155;160.712;171.280;150.367;-2.20
20/01/2018;160.149;157.383;165.727;152.065;1.91
21/01/2018;139.464;160.096;160.199;135.002;-12.92
22/01/2018;137.243;139.622;144.513;117.010;-1.59
23/01/2018;136.019;137.198;146.006;121.422;-0.89
24/01/2018;138.162;136.125;144.365;132.100;1.58
25/01/2018;130.863;138.152;140.163;128.565;-5.28
26/01/2018;121.363;130.864;132.551;112.097;-7.26
27/01/2018;122.142;121.363;124.298;118.317;0.64
28/01/2018;136.320;122.147;139.393;121.828;11.61
29/01/2018;127.100;136.329;137.075;125.299;-6.76
30/01/2018;111.266;127.101;127.281;109.043;-12.46
31/01/2018;113.931;111.594;114.804;102.701;2.40
01/02/2018;0.95131;113.627;114.261;0.89933;-16.50
02/02/2018;0.89930;0.95131;0.96437;0.66529;-5.47
03/02/2018;0.95978;0.90083;101.952;0.78250;6.73
04/02/2018;0.81795;0.95985;0.96898;0.78294;-14.78
05/02/2018;0.68132;0.81790;0.83638;0.64196;-16.70
06/02/2018;0.76185;0.68136;0.77926;0.57460;11.82
07/02/2018;0.71781;0.76286;0.81291;0.69687;-5.78
08/02/2018;0.78213;0.71783;0.79002;0.71286;8.96
09/02/2018;0.92043;0.78205;0.92851;0.74203;17.68
10/02/2018;102.892;0.92020;122.864;0.90687;11.79
11/02/2018;0.96074;102.856;103.859;0.89410;-6.63
12/02/2018;104.270;0.96117;107.547;0.95916;8.53
13/02/2018;0.98725;104.270;104.843;0.96758;-5.32
14/02/2018;112.865;0.98734;115.377;0.98113;14.32
15/02/2018;110.821;112.830;114.278;107.074;-1.81
16/02/2018;111.358;110.797;111.712;106.601;0.48
17/02/2018;117.811;111.358;120.265;110.391;5.80
18/02/2018;107.052;117.809;117.907;104.427;-9.13
19/02/2018;110.954;106.984;113.353;106.949;3.65
20/02/2018;102.735;110.954;113.297;101.181;-7.41
21/02/2018;0.95247;102.801;104.072;0.94058;-7.29
22/02/2018;0.89144;0.95243;100.433;0.86399;-6.41
23/02/2018;0.94178;0.89144;0.98311;0.85367;5.65
24/02/2018;0.90218;0.94109;0.96733;0.87252;-4.21
25/02/2018;0.90260;0.90218;0.92479;0.88094;0.05
26/02/2018;0.92937;0.90303;0.94378;0.87730;2.97
27/02/2018;0.92968;0.92978;0.95805;0.91822;0.03
28/02/2018;0.88692;0.92939;0.94707;0.88353;-4.60
01/03/2018;0.91533;0.88692;0.94714;0.87629;3.20
02/03/2018;0.89935;0.91533;0.92145;0.88771;-1.75
03/03/2018;0.89855;0.89921;0.92053;0.89230;-0.09
04/03/2018;100.430;0.89849;102.711;0.88572;11.77
05/03/2018;0.94569;100.421;108.514;0.94342;-5.84
06/03/2018;0.90345;0.94401;0.97980;0.89676;-4.47
07/03/2018;0.85192;0.90367;0.91412;0.79199;-5.70
08/03/2018;0.80642;0.85212;0.87251;0.79771;-5.34
09/03/2018;0.82457;0.80633;0.84138;0.73363;2.25
10/03/2018;0.77546;0.82449;0.84073;0.77066;-5.95
11/03/2018;0.81652;0.77546;0.82985;0.75230;5.29
12/03/2018;0.78325;0.81690;0.82695;0.76613;-4.07
13/03/2018;0.77825;0.78325;0.79943;0.76337;-0.64
14/03/2018;0.68783;0.77825;0.79079;0.65633;-11.62
15/03/2018;0.68468;0.68784;0.72309;0.63136;-0.46
16/03/2018;0.67874;0.68468;0.71019;0.66083;-0.87
17/03/2018;0.62952;0.67820;0.68321;0.61720;-7.25
18/03/2018;0.65043;0.62944;0.68163;0.53945;3.32
19/03/2018;0.72155;0.65052;0.72417;0.62823;10.94
20/03/2018;0.70026;0.72095;0.72095;0.65919;-2.95
21/03/2018;0.68035;0.70026;0.70936;0.66237;-2.84
22/03/2018;0.65445;0.68042;0.69119;0.62382;-3.81
23/03/2018;0.64040;0.65445;0.65445;0.61433;-2.15
24/03/2018;0.62913;0.64045;0.67795;0.62902;-1.76
25/03/2018;0.63466;0.62921;0.65427;0.62239;0.88
26/03/2018;0.58843;0.63466;0.63715;0.57604;-7.29
27/03/2018;0.57012;0.58893;0.59640;0.55820;-3.11
28/03/2018;0.57354;0.57022;0.58862;0.56588;0.60
29/03/2018;0.50298;0.57359;0.57493;0.49814;-12.30
30/03/2018;0.49917;0.50333;0.52665;0.47369;-0.76
31/03/2018;0.50089;0.49929;0.52182;0.49327;0.35
01/04/2018;0.47874;0.50127;0.50893;0.45579;-4.42
02/04/2018;0.49373;0.47874;0.50364;0.47223;3.13
03/04/2018;0.54745;0.49379;0.55252;0.49218;10.88
04/04/2018;0.49122;0.54744;0.55256;0.48690;-10.27
05/04/2018;0.48931;0.49145;0.49787;0.47598;-0.39
06/04/2018;0.47391;0.48931;0.49450;0.46050;-3.15
07/04/2018;0.48562;0.47369;0.49630;0.47200;2.47
08/04/2018;0.49840;0.48562;0.50127;0.48532;2.63
09/04/2018;0.48669;0.49842;0.51160;0.47668;-2.35
10/04/2018;0.49152;0.48696;0.49408;0.47787;0.99
11/04/2018;0.54025;0.49153;0.55401;0.48745;9.91
12/04/2018;0.64141;0.54069;0.66235;0.50290;18.73
13/04/2018;0.64073;0.64141;0.70904;0.61385;-0.11
14/04/2018;0.64046;0.64107;0.67152;0.62258;-0.04
15/04/2018;0.69374;0.64049;0.69545;0.64044;8.32
16/04/2018;0.66449;0.69374;0.69491;0.63689;-4.22
17/04/2018;0.65532;0.66417;0.68189;0.65259;-1.38
18/04/2018;0.71267;0.65533;0.72878;0.65433;8.75
19/04/2018;0.78299;0.71351;0.78757;0.70641;9.87
20/04/2018;0.92432;0.78299;0.93623;0.78299;18.05
21/04/2018;0.86585;0.92432;0.92432;0.80788;-6.33
22/04/2018;0.86290;0.86620;0.91280;0.83879;-0.34
23/04/2018;0.87375;0.86305;0.88331;0.84818;1.26
24/04/2018;0.92197;0.87375;0.96427;0.86879;5.52
25/04/2018;0.79500;0.92102;0.92557;0.67787;-13.77
26/04/2018;0.84858;0.79496;0.87556;0.76296;6.74
27/04/2018;0.80831;0.84728;0.86047;0.80646;-4.75
28/04/2018;0.86288;0.80824;0.88902;0.80498;6.75
29/04/2018;0.86782;0.86295;0.90860;0.82577;0.57
30/04/2018;0.83137;0.86843;0.87462;0.82017;-4.20
01/05/2018;0.83491;0.83143;0.83752;0.78255;0.43
02/05/2018;0.85921;0.83491;0.86546;0.82433;2.91
03/05/2018;0.88075;0.85924;0.89279;0.84174;2.51
04/05/2018;0.88970;0.88045;0.93050;0.85936;1.02
05/05/2018;0.90121;0.88948;0.92955;0.88819;1.29
06/05/2018;0.86378;0.90138;0.91754;0.84293;-4.15
07/05/2018;0.83106;0.86375;0.86544;0.80068;-3.79
08/05/2018;0.80689;0.83242;0.83478;0.79285;-2.91
09/05/2018;0.79047;0.80674;0.81609;0.76064;-2.03
10/05/2018;0.74978;0.79036;0.80338;0.74358;-5.15
11/05/2018;0.67671;0.74976;0.75267;0.64999;-9.75
12/05/2018;0.68317;0.67679;0.70823;0.62305;0.95
13/05/2018;0.72912;0.68498;0.74949;0.66425;6.73
14/05/2018;0.72724;0.72910;0.74849;0.68922;-0.26
15/05/2018;0.68507;0.72724;0.74740;0.68162;-5.80
16/05/2018;0.70749;0.68506;0.70793;0.65599;3.27
17/05/2018;0.66298;0.70750;0.70982;0.65450;-6.29
18/05/2018;0.67850;0.66300;0.68382;0.64736;2.34
19/05/2018;0.67391;0.67855;0.68860;0.65839;-0.68
20/05/2018;0.69845;0.67391;0.70467;0.66791;3.64
21/05/2018;0.67578;0.69845;0.70242;0.67253;-3.25
22/05/2018;0.63851;0.67578;0.67763;0.63621;-5.52
23/05/2018;0.59126;0.63847;0.64400;0.57519;-7.40
24/05/2018;0.62915;0.59126;0.63731;0.57783;6.41
25/05/2018;0.60564;0.62894;0.63301;0.59480;-3.74
26/05/2018;0.60878;0.60564;0.62475;0.59893;0.52
27/05/2018;0.60463;0.60877;0.61190;0.59880;-0.68
28/05/2018;0.54761;0.60466;0.60749;0.54605;-9.43
29/05/2018;0.59936;0.54760;0.60883;0.54440;9.45
30/05/2018;0.59379;0.59939;0.62551;0.57856;-0.93
31/05/2018;0.61103;0.59410;0.62103;0.58663;2.90
01/06/2018;0.62113;0.61098;0.62359;0.60186;1.65
02/06/2018;0.64286;0.62113;0.65059;0.61547;3.50
03/06/2018;0.68795;0.64290;0.68795;0.63935;7.01
04/06/2018;0.65597;0.68796;0.70431;0.63577;-4.65
05/06/2018;0.67594;0.65563;0.68390;0.63473;3.04
06/06/2018;0.67329;0.67605;0.68044;0.65535;-0.39
07/06/2018;0.67774;0.67323;0.68877;0.66866;0.66
08/06/2018;0.67251;0.67772;0.67958;0.65838;-0.77
09/06/2018;0.65860;0.67251;0.68191;0.65755;-2.07
10/06/2018;0.58167;0.65858;0.65868;0.55265;-11.68
11/06/2018;0.59928;0.58169;0.60043;0.56125;3.03
12/06/2018;0.55823;0.59927;0.59937;0.54725;-6.85
13/06/2018;0.52987;0.55822;0.56121;0.50518;-5.08
14/06/2018;0.55650;0.52997;0.56577;0.52075;5.03
15/06/2018;0.53333;0.55665;0.55853;0.52882;-4.16
16/06/2018;0.53297;0.53333;0.53794;0.51926;-0.07
17/06/2018;0.52551;0.53297;0.54100;0.52219;-1.40
18/06/2018;0.53826;0.52551;0.54842;0.50636;2.43
19/06/2018;0.54906;0.53826;0.56121;0.53521;2.01
20/06/2018;0.53989;0.54906;0.55003;0.52406;-1.67
21/06/2018;0.53410;0.53989;0.54837;0.53052;-1.07
22/06/2018;0.48230;0.53410;0.53488;0.47141;-9.70
23/06/2018;0.48983;0.48230;0.49530;0.47550;1.56
24/06/2018;0.47455;0.49028;0.49531;0.44064;-3.12
25/06/2018;0.48080;0.47450;0.49137;0.47257;1.32
26/06/2018;0.45304;0.48086;0.48190;0.45173;-5.77
27/06/2018;0.47186;0.45300;0.47602;0.44861;4.15
28/06/2018;0.44786;0.47164;0.47433;0.44555;-5.08
29/06/2018;0.45531;0.44753;0.46024;0.42570;1.66
30/06/2018;0.46486;0.45531;0.48159;0.45450;2.10
01/07/2018;0.46226;0.46491;0.46558;0.44968;-0.56
02/07/2018;0.49005;0.46226;0.49433;0.45515;6.01
03/07/2018;0.48516;0.49005;0.51661;0.47953;-1.00
04/07/2018;0.49194;0.48514;0.50597;0.47745;1.40
05/07/2018;0.47779;0.49193;0.50101;0.47053;-2.88
06/07/2018;0.47773;0.47779;0.48130;0.46024;-0.01
07/07/2018;0.48570;0.47774;0.48638;0.46533;1.67
08/07/2018;0.47886;0.48570;0.48725;0.47589;-1.41
09/07/2018;0.47383;0.47887;0.48173;0.47232;-1.05
10/07/2018;0.44422;0.47383;0.47408;0.44094;-6.25
11/07/2018;0.45023;0.44422;0.45221;0.44155;1.35
12/07/2018;0.43767;0.45024;0.45037;0.42522;-2.79
13/07/2018;0.43727;0.43769;0.44491;0.43109;-0.09
14/07/2018;0.43849;0.43706;0.44276;0.43233;0.28
15/07/2018;0.44708;0.43849;0.44939;0.43588;1.96
16/07/2018;0.48190;0.44708;0.48352;0.44347;7.79
17/07/2018;0.50696;0.48182;0.51878;0.46913;5.20
18/07/2018;0.48826;0.50699;0.52362;0.47608;-3.69
19/07/2018;0.47694;0.48828;0.49439;0.47231;-2.32
20/07/2018;0.44462;0.47694;0.47733;0.43109;-6.78
21/07/2018;0.45501;0.44462;0.45866;0.43529;2.34
22/07/2018;0.44938;0.45501;0.46318;0.44777;-1.24
23/07/2018;0.44519;0.44934;0.46363;0.44311;-0.93
24/07/2018;0.45813;0.44518;0.46904;0.43846;2.91
25/07/2018;0.45943;0.45793;0.46803;0.45175;0.28
26/07/2018;0.44956;0.45944;0.46859;0.44675;-2.15
27/07/2018;0.45516;0.44961;0.46053;0.44452;1.25
28/07/2018;0.45675;0.45515;0.45675;0.44835;0.35
29/07/2018;0.45303;0.45679;0.45812;0.45024;-0.81
30/07/2018;0.44603;0.45303;0.45623;0.43510;-1.55
31/07/2018;0.43498;0.44603;0.44641;0.42703;-2.48
01/08/2018;0.44667;0.43498;0.46260;0.42709;2.69
02/08/2018;0.43025;0.44659;0.44800;0.42979;-3.68
03/08/2018;0.44065;0.43026;0.44641;0.42599;2.42
04/08/2018;0.42969;0.44072;0.44439;0.42776;-2.49
05/08/2018;0.43458;0.42964;0.43673;0.42711;1.14
06/08/2018;0.41287;0.43458;0.43655;0.40331;-5.00
07/08/2018;0.37837;0.41288;0.41538;0.37516;-8.36
08/08/2018;0.33179;0.37836;0.37836;0.32011;-12.31
09/08/2018;0.34388;0.33182;0.35740;0.32824;3.64
10/08/2018;0.31886;0.34384;0.34585;0.31328;-7.28
11/08/2018;0.29757;0.31886;0.31958;0.28814;-6.68
12/08/2018;0.29555;0.29745;0.30899;0.29468;-0.68
13/08/2018;0.27446;0.29562;0.30905;0.27160;-7.14
14/08/2018;0.27289;0.27446;0.27671;0.24706;-0.57
15/08/2018;0.28026;0.27289;0.30211;0.27277;2.70
16/08/2018;0.29157;0.28020;0.30123;0.27585;4.04
17/08/2018;0.36739;0.29157;0.37355;0.29113;26.00
18/08/2018;0.32838;0.36737;0.36987;0.31339;-10.62
19/08/2018;0.34230;0.32840;0.35214;0.31878;4.24
20/08/2018;0.31467;0.34231;0.35028;0.31354;-8.07
21/08/2018;0.33384;0.31467;0.33693;0.31347;6.09
22/08/2018;0.31786;0.33384;0.35425;0.31293;-4.79
23/08/2018;0.32608;0.31812;0.32903;0.31547;2.59
24/08/2018;0.32673;0.32609;0.32840;0.31583;0.20
25/08/2018;0.32725;0.32673;0.33165;0.32215;0.16
26/08/2018;0.32298;0.32725;0.32807;0.31863;-1.30
27/08/2018;0.33877;0.32298;0.33977;0.32194;4.89
28/08/2018;0.35111;0.33877;0.35727;0.33484;3.64
29/08/2018;0.34480;0.35111;0.35456;0.33876;-1.80
30/08/2018;0.33487;0.34481;0.34633;0.32336;-2.88
31/08/2018;0.33503;0.33491;0.34051;0.32802;0.05
01/09/2018;0.34691;0.33507;0.35379;0.33493;3.55
02/09/2018;0.34199;0.34691;0.34905;0.33615;-1.42
03/09/2018;0.33463;0.34199;0.34348;0.33346;-2.15
04/09/2018;0.33078;0.33454;0.34103;0.32896;-1.15
05/09/2018;0.27904;0.33076;0.33383;0.27790;-15.64
06/09/2018;0.30169;0.27887;0.30454;0.26895;8.12
07/09/2018;0.28704;0.30173;0.30370;0.28132;-4.86
08/09/2018;0.27673;0.28715;0.29353;0.26981;-3.59
09/09/2018;0.27608;0.27674;0.29040;0.27099;-0.23
10/09/2018;0.26944;0.27636;0.28229;0.26017;-2.41
11/09/2018;0.26298;0.26949;0.27454;0.25336;-2.40
12/09/2018;0.26986;0.26298;0.27310;0.25348;2.62
13/09/2018;0.27914;0.26986;0.28537;0.26779;3.44
14/09/2018;0.27616;0.27915;0.28507;0.27206;-1.07
15/09/2018;0.28041;0.27610;0.28432;0.27600;1.54
16/09/2018;0.28113;0.28041;0.28190;0.27427;0.26
17/09/2018;0.27058;0.28113;0.28352;0.26706;-3.75
18/09/2018;0.31965;0.27058;0.33525;0.26925;18.13
19/09/2018;0.32650;0.31961;0.33474;0.31107;2.15
20/09/2018;0.45010;0.32657;0.48648;0.32154;37.85
21/09/2018;0.56351;0.45011;0.78848;0.42868;25.20
22/09/2018;0.57338;0.56355;0.62702;0.49165;1.75
23/09/2018;0.57179;0.57341;0.59722;0.55814;-0.28
24/09/2018;0.49234;0.57177;0.58246;0.48405;-13.90
25/09/2018;0.52570;0.49234;0.54544;0.43633;6.78
26/09/2018;0.51257;0.52570;0.57108;0.48556;-2.50
27/09/2018;0.54315;0.51250;0.55362;0.50887;5.97
28/09/2018;0.53969;0.54282;0.54983;0.51766;-0.64
29/09/2018;0.56983;0.53984;0.59224;0.52616;5.59
30/09/2018;0.58274;0.56984;0.62065;0.56011;2.27
01/10/2018;0.57737;0.58272;0.60468;0.53364;-0.92
02/10/2018;0.51702;0.57733;0.57982;0.51565;-10.45
03/10/2018;0.52855;0.51693;0.53720;0.50821;2.23
04/10/2018;0.52871;0.52860;0.54900;0.52409;0.03
05/10/2018;0.52085;0.52870;0.53257;0.51070;-1.49
06/10/2018;0.48883;0.52091;0.52183;0.46909;-6.15
07/10/2018;0.48247;0.48890;0.49030;0.46854;-1.30
08/10/2018;0.49233;0.48247;0.49986;0.47979;2.04
09/10/2018;0.48157;0.49232;0.49325;0.47137;-2.19
10/10/2018;0.46573;0.48156;0.48156;0.46220;-3.29
11/10/2018;0.38209;0.46573;0.46574;0.37822;-17.96
12/10/2018;0.42055;0.38208;0.44525;0.37824;10.07
13/10/2018;0.42235;0.42043;0.42995;0.41670;0.43
14/10/2018;0.40834;0.42245;0.42952;0.40554;-3.32
15/10/2018;0.45981;0.40834;0.50997;0.39902;12.60
16/10/2018;0.48335;0.45983;0.48575;0.45520;5.12
17/10/2018;0.48294;0.48309;0.49529;0.47104;-0.08
18/10/2018;0.46680;0.48330;0.49244;0.45553;-3.34
19/10/2018;0.45999;0.46679;0.47116;0.45724;-1.46
20/10/2018;0.46712;0.45999;0.47113;0.45584;1.55
21/10/2018;0.46423;0.46712;0.47296;0.46322;-0.62
22/10/2018;0.46061;0.46423;0.46784;0.45605;-0.78
23/10/2018;0.46869;0.46061;0.48298;0.44394;1.75
24/10/2018;0.46314;0.46870;0.47618;0.45994;-1.19
25/10/2018;0.46275;0.46333;0.47080;0.45683;-0.08
26/10/2018;0.46505;0.46273;0.46847;0.45839;0.50
27/10/2018;0.45973;0.46505;0.46633;0.45749;-1.14
28/10/2018;0.46390;0.45992;0.46586;0.45834;0.91
29/10/2018;0.44421;0.46406;0.46463;0.43670;-4.25
30/10/2018;0.44726;0.44421;0.45238;0.44379;0.69
31/10/2018;0.45361;0.44738;0.45889;0.43815;1.42
01/11/2018;0.46029;0.45361;0.46055;0.45032;1.47
02/11/2018;0.46122;0.46029;0.46626;0.45830;0.20
03/11/2018;0.45684;0.46121;0.46265;0.45521;-0.95
04/11/2018;0.46954;0.45694;0.47808;0.44973;2.78
05/11/2018;0.50116;0.46967;0.50280;0.46376;6.73
06/11/2018;0.55373;0.50118;0.56512;0.50118;10.49
07/11/2018;0.53980;0.55393;0.55463;0.52802;-2.52
08/11/2018;0.49621;0.53994;0.54493;0.49313;-8.08
09/11/2018;0.50383;0.49621;0.52090;0.49580;1.54
10/11/2018;0.50845;0.50383;0.51603;0.50282;0.92
11/11/2018;0.50948;0.50845;0.51114;0.49783;0.20
12/11/2018;0.52287;0.50946;0.53234;0.50487;2.63
13/11/2018;0.51629;0.52287;0.53210;0.51047;-1.26
14/11/2018;0.47997;0.51629;0.51851;0.42382;-7.04
15/11/2018;0.48732;0.47997;0.49189;0.43236;1.53
16/11/2018;0.47660;0.48736;0.49299;0.46522;-2.20
17/11/2018;0.49760;0.47662;0.50309;0.47037;4.41
18/11/2018;0.51555;0.49785;0.52971;0.49550;3.61
19/11/2018;0.48164;0.51556;0.51586;0.46932;-6.58
20/11/2018;0.44273;0.48164;0.50672;0.41332;-8.08
21/11/2018;0.45202;0.44228;0.46693;0.41928;2.10
22/11/2018;0.42627;0.45214;0.45564;0.42496;-5.69
23/11/2018;0.41331;0.42657;0.43275;0.39862;-3.04
24/11/2018;0.37942;0.41318;0.42652;0.37027;-8.20
25/11/2018;0.38172;0.37934;0.39315;0.32801;0.61
26/11/2018;0.36210;0.38168;0.39766;0.34573;-5.14
27/11/2018;0.36506;0.36210;0.37379;0.34664;0.82
28/11/2018;0.39252;0.36505;0.40331;0.36504;7.52
29/11/2018;0.38143;0.39252;0.39493;0.37340;-2.83
30/11/2018;0.36448;0.38145;0.38313;0.35556;-4.44
01/12/2018;0.37328;0.36450;0.37899;0.35774;2.41
02/12/2018;0.36917;0.37328;0.38068;0.36669;-1.10
03/12/2018;0.34811;0.36917;0.37056;0.34548;-5.70
04/12/2018;0.35312;0.34809;0.36289;0.33930;1.44
05/12/2018;0.33849;0.35309;0.35477;0.33828;-4.14
06/12/2018;0.30879;0.33849;0.34520;0.30671;-8.77
07/12/2018;0.30165;0.30878;0.31119;0.28866;-2.31
08/12/2018;0.30414;0.30165;0.32249;0.29254;0.83
09/12/2018;0.31097;0.30414;0.32158;0.30026;2.25
10/12/2018;0.30114;0.31097;0.31497;0.29661;-3.16
11/12/2018;0.30186;0.30113;0.31126;0.29601;0.24
12/12/2018;0.30662;0.30012;0.31244;0.29995;1.58
13/12/2018;0.30033;0.30656;0.30760;0.29696;-2.05
14/12/2018;0.28927;0.30037;0.30076;0.28432;-3.69
15/12/2018;0.28549;0.28927;0.29232;0.28162;-1.31
16/12/2018;0.28814;0.28546;0.29666;0.28527;0.93
17/12/2018;0.32915;0.28815;0.33823;0.28659;14.23
18/12/2018;0.35154;0.32913;0.35154;0.32375;6.80
19/12/2018;0.34774;0.35163;0.39475;0.34483;-1.08
20/12/2018;0.37552;0.34774;0.38671;0.34252;7.99
21/12/2018;0.35655;0.37552;0.38508;0.35120;-5.05
22/12/2018;0.36033;0.35655;0.36200;0.34634;1.06
23/12/2018;0.36988;0.36033;0.38094;0.35896;2.65
24/12/2018;0.40356;0.36986;0.45265;0.36983;9.11
25/12/2018;0.37866;0.40355;0.40594;0.36379;-6.17
26/12/2018;0.37548;0.37866;0.39048;0.35731;-0.84
27/12/2018;0.33661;0.37555;0.37742;0.32964;-10.35
28/12/2018;0.37365;0.33662;0.37852;0.33149;11.01
29/12/2018;0.35945;0.37364;0.38199;0.35789;-3.80
30/12/2018;0.36759;0.35945;0.36778;0.35439;2.27
31/12/2018;0.35100;0.36759;0.37198;0.34726;-4.51
01/01/2019;0.36326;0.35100;0.36328;0.34803;3.49
02/01/2019;0.37138;0.36332;0.37684;0.35686;2.24
03/01/2019;0.35434;0.37138;0.37159;0.35137;-4.59
04/01/2019;0.35560;0.35434;0.35960;0.34663;0.36
05/01/2019;0.35106;0.35540;0.36161;0.34853;-1.28
06/01/2019;0.36412;0.35106;0.36865;0.34823;3.72
07/01/2019;0.36186;0.36413;0.37456;0.35930;-0.62
08/01/2019;0.36311;0.36186;0.36914;0.35663;0.35
09/01/2019;0.36664;0.36311;0.37046;0.36021;0.97
10/01/2019;0.32724;0.36664;0.38143;0.31950;-10.75
11/01/2019;0.32749;0.32723;0.33385;0.32227;0.08
12/01/2019;0.32708;0.32748;0.33110;0.32405;-0.13
13/01/2019;0.31218;0.32712;0.33104;0.31070;-4.55
14/01/2019;0.32993;0.31218;0.33532;0.31216;5.68
15/01/2019;0.32338;0.32993;0.33282;0.31861;-1.98
16/01/2019;0.32682;0.32324;0.33268;0.32171;1.06
17/01/2019;0.32651;0.32686;0.32909;0.32106;-0.09
18/01/2019;0.32140;0.32650;0.32658;0.31781;-1.56
19/01/2019;0.32851;0.32140;0.33529;0.32107;2.21
20/01/2019;0.31774;0.32856;0.33047;0.31251;-3.28
21/01/2019;0.31838;0.31774;0.32232;0.31428;0.20
22/01/2019;0.31861;0.31838;0.32129;0.30761;0.07
23/01/2019;0.31476;0.31868;0.32033;0.31308;-1.21
24/01/2019;0.31660;0.31476;0.31857;0.31343;0.59
25/01/2019;0.31446;0.31663;0.31782;0.31143;-0.68
26/01/2019;0.31304;0.31449;0.31872;0.31276;-0.45
27/01/2019;0.30679;0.31302;0.31442;0.30402;-1.99
28/01/2019;0.29280;0.30679;0.30769;0.28176;-4.56
29/01/2019;0.28746;0.29280;0.29438;0.28236;-1.83
30/01/2019;0.32165;0.28746;0.32656;0.28533;11.90
31/01/2019;0.30930;0.32165;0.33604;0.30423;-3.84
01/02/2019;0.30682;0.30926;0.31164;0.29648;-0.80
02/02/2019;0.31034;0.30687;0.31320;0.30467;1.15
03/02/2019;0.30227;0.31034;0.31202;0.29787;-2.60
04/02/2019;0.29920;0.30228;0.30550;0.29794;-1.02
05/02/2019;0.29950;0.29919;0.30196;0.29684;0.10
06/02/2019;0.28950;0.29950;0.30063;0.28878;-3.34
07/02/2019;0.29134;0.28948;0.29418;0.28945;0.63
08/02/2019;0.31217;0.29134;0.32012;0.28983;7.15
09/02/2019;0.31220;0.31217;0.31627;0.30767;0.01
10/02/2019;0.30969;0.31220;0.31268;0.29951;-0.80
11/02/2019;0.30238;0.30978;0.31011;0.30176;-2.36
12/02/2019;0.30494;0.30238;0.30782;0.29804;0.85
13/02/2019;0.30394;0.30509;0.31334;0.30141;-0.33
14/02/2019;0.30091;0.30394;0.30542;0.30021;-1.00
15/02/2019;0.30175;0.30092;0.30610;0.29854;0.28
16/02/2019;0.30083;0.30175;0.30349;0.30012;-0.31
17/02/2019;0.30346;0.30089;0.30754;0.29894;0.88
18/02/2019;0.32232;0.30345;0.32884;0.30240;6.21
19/02/2019;0.32321;0.32242;0.34774;0.31949;0.28
20/02/2019;0.33193;0.32318;0.33499;0.31790;2.70
21/02/2019;0.32061;0.33193;0.33292;0.31753;-3.41
22/02/2019;0.32150;0.32061;0.32363;0.31683;0.28
23/02/2019;0.33285;0.32150;0.33403;0.31811;3.53
24/02/2019;0.29775;0.33285;0.34362;0.29478;-10.54
25/02/2019;0.32786;0.29778;0.33951;0.29775;10.11
26/02/2019;0.31703;0.32786;0.33463;0.31447;-3.30
27/02/2019;0.31108;0.31686;0.31878;0.30199;-1.88
28/02/2019;0.31412;0.31108;0.31735;0.30738;0.98
01/03/2019;0.31588;0.31412;0.32379;0.31200;0.56
02/03/2019;0.31411;0.31587;0.31818;0.31054;-0.56
03/03/2019;0.31106;0.31411;0.31537;0.30889;-0.97
04/03/2019;0.30246;0.31106;0.31213;0.29794;-2.76
05/03/2019;0.31513;0.30247;0.31794;0.30130;4.19
06/03/2019;0.31648;0.31513;0.32161;0.31034;0.43
07/03/2019;0.31324;0.31648;0.31953;0.31292;-1.02
08/03/2019;0.30802;0.31324;0.31624;0.30520;-1.67
09/03/2019;0.31388;0.30805;0.31886;0.30746;1.90
10/03/2019;0.31295;0.31388;0.31692;0.30933;-0.30
11/03/2019;0.31039;0.31295;0.31447;0.30799;-0.82
12/03/2019;0.31039;0.31040;0.31157;0.30641;0.00
13/03/2019;0.31376;0.31039;0.32520;0.30781;1.08
14/03/2019;0.31154;0.31374;0.31680;0.30686;-0.71
15/03/2019;0.31505;0.31153;0.31665;0.31117;1.13
16/03/2019;0.31871;0.31505;0.32277;0.31494;1.16
17/03/2019;0.31568;0.31871;0.31902;0.31445;-0.95
18/03/2019;0.31478;0.31568;0.31948;0.31241;-0.28
19/03/2019;0.31590;0.31479;0.31625;0.31280;0.36
20/03/2019;0.31776;0.31583;0.32231;0.31177;0.59
21/03/2019;0.31010;0.31780;0.31911;0.30280;-2.41
22/03/2019;0.31057;0.31010;0.31248;0.30739;0.15
23/03/2019;0.31171;0.31054;0.31258;0.30924;0.37
24/03/2019;0.30774;0.31170;0.31173;0.30538;-1.27
25/03/2019;0.30297;0.30774;0.30799;0.29995;-1.55
26/03/2019;0.30280;0.30297;0.30370;0.29407;-0.06
27/03/2019;0.31038;0.30280;0.31101;0.30063;2.50
28/03/2019;0.30616;0.31037;0.31037;0.30452;-1.36
29/03/2019;0.30784;0.30616;0.31012;0.30529;0.55
30/03/2019;0.31104;0.30786;0.31813;0.30731;1.04
31/03/2019;0.30890;0.31104;0.31158;0.30744;-0.69
01/04/2019;0.31243;0.30891;0.31426;0.30780;1.15
02/04/2019;0.35112;0.31244;0.35618;0.31158;12.38
03/04/2019;0.34058;0.35114;0.37043;0.32773;-3.00
04/04/2019;0.33010;0.34055;0.34661;0.32519;-3.08
05/04/2019;0.36152;0.33013;0.37939;0.33010;9.52
06/04/2019;0.35256;0.36163;0.36208;0.34672;-2.48
07/04/2019;0.36157;0.35256;0.36668;0.35081;2.56
08/04/2019;0.35599;0.36155;0.37025;0.34519;-1.55
09/04/2019;0.34742;0.35597;0.35597;0.34445;-2.41
10/04/2019;0.35315;0.34744;0.35765;0.34640;1.65
11/04/2019;0.32729;0.35317;0.35354;0.31992;-7.33
12/04/2019;0.32364;0.32729;0.32812;0.31457;-1.11
13/04/2019;0.32482;0.32356;0.33539;0.32017;0.36
14/04/2019;0.32632;0.32479;0.32996;0.32139;0.46
15/04/2019;0.31904;0.32630;0.32970;0.31427;-2.23
16/04/2019;0.32390;0.31904;0.32477;0.31662;1.52
17/04/2019;0.33369;0.32390;0.33938;0.31909;3.02
18/04/2019;0.33522;0.33369;0.34470;0.33265;0.46
19/04/2019;0.33028;0.33523;0.33537;0.32693;-1.47
20/04/2019;0.32735;0.33030;0.33221;0.32266;-0.89
21/04/2019;0.32078;0.32726;0.32861;0.31596;-2.01
22/04/2019;0.32266;0.32078;0.32989;0.31820;0.59
23/04/2019;0.31888;0.32266;0.33144;0.31875;-1.17
24/04/2019;0.30013;0.31888;0.32424;0.29229;-5.88
25/04/2019;0.29234;0.30015;0.30552;0.28687;-2.60
26/04/2019;0.30293;0.29234;0.30409;0.28947;3.62
27/04/2019;0.29895;0.30293;0.30442;0.29744;-1.31
28/04/2019;0.29940;0.29896;0.30226;0.29662;0.15
29/04/2019;0.29437;0.29939;0.30151;0.29187;-1.68
30/04/2019;0.30886;0.29442;0.31179;0.29326;4.92
01/05/2019;0.30389;0.30884;0.30994;0.30097;-1.61
02/05/2019;0.30343;0.30391;0.30510;0.30159;-0.15
03/05/2019;0.30763;0.30343;0.31002;0.30181;1.38
04/05/2019;0.30368;0.30764;0.31715;0.29999;-1.28
05/05/2019;0.30165;0.30368;0.30549;0.30011;-0.67
06/05/2019;0.30296;0.30167;0.30601;0.29657;0.43
07/05/2019;0.29889;0.30295;0.30733;0.29862;-1.34
08/05/2019;0.30053;0.29890;0.30263;0.29688;0.55
09/05/2019;0.29605;0.30052;0.30188;0.29381;-1.49
10/05/2019;0.29950;0.29606;0.30100;0.29304;1.16
11/05/2019;0.32189;0.29949;0.33765;0.29929;7.48
12/05/2019;0.31069;0.32184;0.32937;0.30579;-3.48
13/05/2019;0.32400;0.31069;0.32816;0.30893;4.28
14/05/2019;0.40919;0.32406;0.42191;0.32271;26.29
15/05/2019;0.45701;0.40916;0.46522;0.40908;11.69
16/05/2019;0.41795;0.45696;0.47805;0.39616;-8.55
17/05/2019;0.38805;0.41806;0.42271;0.36140;-7.15
18/05/2019;0.37194;0.38806;0.39294;0.36566;-4.15
19/05/2019;0.41539;0.37191;0.42478;0.37080;11.68
20/05/2019;0.39551;0.41542;0.41542;0.38139;-4.79
21/05/2019;0.39544;0.39552;0.40542;0.38734;-0.02
22/05/2019;0.37311;0.39539;0.40906;0.36928;-5.65
23/05/2019;0.37975;0.37313;0.38252;0.36351;1.78
24/05/2019;0.38289;0.37974;0.39165;0.37180;0.83
25/05/2019;0.38536;0.38287;0.39194;0.38079;0.65
26/05/2019;0.40464;0.38542;0.40919;0.37556;5.00
27/05/2019;0.43344;0.40471;0.44539;0.40323;7.12
28/05/2019;0.44863;0.43356;0.45732;0.41911;3.50
29/05/2019;0.44275;0.44861;0.45595;0.42106;-1.31
30/05/2019;0.41841;0.44277;0.47232;0.40294;-5.50
31/05/2019;0.43841;0.41843;0.44049;0.40806;4.78
01/06/2019;0.42894;0.43842;0.44121;0.41956;-2.16
02/06/2019;0.44403;0.42891;0.44665;0.42786;3.52
03/06/2019;0.41805;0.44401;0.46336;0.41805;-5.85
04/06/2019;0.39837;0.41808;0.41877;0.38531;-4.71
05/06/2019;0.40041;0.39836;0.40557;0.38824;0.51
06/06/2019;0.41935;0.40042;0.42292;0.39128;4.73
07/06/2019;0.41973;0.41935;0.42999;0.41434;0.09
08/06/2019;0.40721;0.41974;0.42205;0.40262;-2.98
09/06/2019;0.38547;0.40720;0.41027;0.37232;-5.34
10/06/2019;0.40003;0.38540;0.40303;0.38064;3.78
11/06/2019;0.39205;0.40005;0.40176;0.38260;-2.00
12/06/2019;0.40068;0.39204;0.40090;0.38749;2.20
13/06/2019;0.39882;0.40063;0.40797;0.39554;-0.47
14/06/2019;0.40204;0.39882;0.40300;0.39079;0.81
15/06/2019;0.40947;0.40194;0.41203;0.40039;1.85
16/06/2019;0.42748;0.40947;0.44041;0.40683;4.40
17/06/2019;0.44728;0.42751;0.46044;0.42615;4.63
18/06/2019;0.42720;0.44722;0.45471;0.42021;-4.49
19/06/2019;0.43418;0.42717;0.43792;0.42432;1.63
20/06/2019;0.42986;0.43419;0.43523;0.42075;-1.00
21/06/2019;0.44316;0.42984;0.44739;0.42973;3.10
22/06/2019;0.47707;0.44318;0.50552;0.44022;7.65
23/06/2019;0.47017;0.47707;0.49215;0.46529;-1.45
24/06/2019;0.47394;0.47016;0.47554;0.45100;0.80
25/06/2019;0.46812;0.47394;0.47639;0.45774;-1.23
26/06/2019;0.46739;0.46811;0.49582;0.45328;-0.16
27/06/2019;0.40976;0.46738;0.47071;0.39489;-12.33
28/06/2019;0.42630;0.40998;0.42665;0.40588;4.04
29/06/2019;0.42673;0.42630;0.42960;0.40502;0.10
30/06/2019;0.39695;0.42674;0.42827;0.39648;-6.98
01/07/2019;0.40692;0.39699;0.42120;0.38951;2.51
02/07/2019;0.39829;0.40697;0.41065;0.38462;-2.12
03/07/2019;0.40425;0.39828;0.40511;0.39512;1.50
04/07/2019;0.38768;0.40426;0.40452;0.38642;-4.10
05/07/2019;0.37891;0.38770;0.38880;0.37489;-2.26
06/07/2019;0.39022;0.37896;0.40960;0.37877;2.98
07/07/2019;0.39661;0.39022;0.39973;0.38725;1.64
08/07/2019;0.40104;0.39662;0.40273;0.39181;1.12
09/07/2019;0.39327;0.40098;0.40652;0.38961;-1.94
10/07/2019;0.36144;0.39327;0.39611;0.34428;-8.09
11/07/2019;0.32890;0.36143;0.36235;0.31938;-9.00
12/07/2019;0.34351;0.32896;0.34889;0.32065;4.44
13/07/2019;0.33206;0.34351;0.34423;0.32414;-3.33
14/07/2019;0.30451;0.33204;0.33506;0.30008;-8.30
15/07/2019;0.31290;0.30434;0.32309;0.29498;2.76
16/07/2019;0.29532;0.31293;0.31940;0.28609;-5.62
17/07/2019;0.31013;0.29531;0.32359;0.29323;5.02
18/07/2019;0.32028;0.31011;0.32581;0.30412;3.27
19/07/2019;0.31866;0.32028;0.32197;0.31028;-0.51
20/07/2019;0.33286;0.31866;0.34033;0.31854;4.46
21/07/2019;0.33070;0.33283;0.33469;0.32106;-0.65
22/07/2019;0.32126;0.33069;0.33213;0.31608;-2.85
23/07/2019;0.30886;0.32125;0.32125;0.30604;-3.86
24/07/2019;0.31545;0.30888;0.31863;0.30412;2.13
25/07/2019;0.31333;0.31545;0.32190;0.31186;-0.67
26/07/2019;0.32336;0.31333;0.32486;0.30756;3.20
27/07/2019;0.30993;0.32336;0.32587;0.30607;-4.15
28/07/2019;0.31170;0.30994;0.31363;0.30091;0.57
29/07/2019;0.31016;0.31170;0.31422;0.30709;-0.49
30/07/2019;0.31819;0.31019;0.32118;0.30718;2.59
31/07/2019;0.31966;0.31819;0.32318;0.31550;0.46
01/08/2019;0.31565;0.31966;0.31967;0.31170;-1.25
02/08/2019;0.31163;0.31566;0.31760;0.30908;-1.27
03/08/2019;0.31601;0.31166;0.31732;0.31104;1.41
04/08/2019;0.31831;0.31601;0.32253;0.31142;0.73
05/08/2019;0.32211;0.31831;0.33075;0.31828;1.19
06/08/2019;0.31193;0.32220;0.32398;0.30848;-3.16
07/08/2019;0.31104;0.31193;0.31659;0.30808;-0.29
08/08/2019;0.30838;0.31091;0.31187;0.30522;-0.85
09/08/2019;0.29651;0.30838;0.30893;0.29043;-3.85
10/08/2019;0.29925;0.29658;0.30535;0.29259;0.92
11/08/2019;0.30287;0.29921;0.30591;0.29551;1.21
12/08/2019;0.30067;0.30288;0.30504;0.29830;-0.73
13/08/2019;0.29790;0.30066;0.30102;0.29335;-0.92
14/08/2019;0.26313;0.29799;0.29853;0.24016;-11.67
15/08/2019;0.26410;0.26322;0.26836;0.25286;0.37
16/08/2019;0.26061;0.26401;0.26501;0.25534;-1.32
17/08/2019;0.26544;0.26061;0.26926;0.25808;1.85
18/08/2019;0.28290;0.26542;0.29107;0.26360;6.58
19/08/2019;0.28184;0.28292;0.29019;0.27623;-0.37
20/08/2019;0.27423;0.28184;0.28219;0.27020;-2.70
21/08/2019;0.26592;0.27421;0.27454;0.25917;-3.03
22/08/2019;0.27053;0.26587;0.27402;0.26057;1.73
23/08/2019;0.27669;0.27053;0.27669;0.26774;2.28
24/08/2019;0.27137;0.27669;0.27726;0.26480;-1.92
25/08/2019;0.26953;0.27138;0.27584;0.26634;-0.68
26/08/2019;0.27038;0.26952;0.27942;0.26725;0.31
27/08/2019;0.26952;0.27038;0.27052;0.26550;-0.32
28/08/2019;0.25636;0.26958;0.27072;0.24773;-4.88
29/08/2019;0.25685;0.25634;0.26203;0.24775;0.19
30/08/2019;0.25551;0.25685;0.25722;0.25250;-0.52
31/08/2019;0.25759;0.25552;0.25992;0.25335;0.81
01/09/2019;0.25590;0.25759;0.25878;0.25101;-0.66
